actions,blocked_time_s,charge_trips,condition_percent,decision_ms,delivered_by_section,delivered_units,distance_m,end_battery_percent,energy_wh,lost_by_section,lost_units,min_battery_percent,policy,produced_units,scenario,score,seed,shift_s,violation_count,violations,wh_per_unit
54,"{'A': 0.0, 'B': 0.0, 'C': 0.0}",7,99.96,0.0,"{'A': 12, 'B': 27, 'C': 4}",43,289.9,98.1,4.118,"{'A': 0.0, 'B': 0.0, 'C': 0.0}",0.0,97.0,rule,46,balanced,40.94,0,3600.4,0,,0.0958
51,"{'A': 0.0, 'B': 0.0, 'C': 0.0}",7,99.95,0.0,"{'A': 21, 'B': 28, 'C': 4}",53,338.9,98.1,4.903,"{'A': 0.0, 'B': 0.0, 'C': 0.0}",0.0,96.0,rule,55,balanced,50.55,1,3600.1,0,,0.0925
51,"{'A': 0.0, 'B': 0.0, 'C': 0.0}",10,99.95,0.0,"{'A': 18, 'B': 30, 'C': 4}",52,376.7,98.9,5.268,"{'A': 0.0, 'B': 0.0, 'C': 0.0}",0.0,96.8,rule,51,balanced,49.37,2,3600.8,0,,0.1013
54,"{'A': 0.0, 'B': 0.0, 'C': 0.0}",13,99.95,0.0,"{'A': 18, 'B': 28, 'C': 4}",50,389.1,100.0,5.378,"{'A': 0.0, 'B': 0.0, 'C': 0.0}",0.0,96.8,rule,51,balanced,47.31,3,3600.6,0,,0.1076
55,"{'A': 0.0, 'B': 0.0, 'C': 0.0}",8,99.96,0.0,"{'A': 6, 'B': 30, 'C': 4}",40,275.8,100.0,3.846,"{'A': 0.0, 'B': 0.0, 'C': 0.0}",0.0,96.8,rule,44,balanced,38.08,4,3600.3,0,,0.0962
51,"{'A': 0.0, 'B': 0.0, 'C': 0.0}",9,99.95,0.0,"{'A': 21, 'B': 27, 'C': 4}",52,353.1,100.0,5.023,"{'A': 0.0, 'B': 0.0, 'C': 0.0}",0.0,95.9,rule,54,balanced,49.49,5,3600.4,0,,0.0966
55,"{'A': 0.0, 'B': 0.0, 'C': 0.0}",6,99.97,0.0,"{'A': 9, 'B': 21, 'C': 4}",34,245.1,98.9,3.41,"{'A': 0.0, 'B': 0.0, 'C': 0.0}",0.0,96.8,rule,33,balanced,32.3,6,3600.4,0,,0.1003
52,"{'A': 0.0, 'B': 0.0, 'C': 0.0}",8,99.95,0.0,"{'A': 18, 'B': 30, 'C': 4}",52,351.4,98.9,4.957,"{'A': 0.0, 'B': 0.0, 'C': 0.0}",0.0,96.2,rule,51,balanced,49.52,7,3600.0,0,,0.0953
53,"{'A': 0.0, 'B': 0.0, 'C': 0.0}",9,99.95,0.0,"{'A': 18, 'B': 27, 'C': 4}",49,343.2,99.8,4.886,"{'A': 0.0, 'B': 0.0, 'C': 0.0}",0.0,96.0,rule,53,balanced,46.56,8,3600.9,0,,0.0997
52,"{'A': 0.0, 'B': 0.0, 'C': 0.0}",8,99.95,0.0,"{'A': 18, 'B': 28, 'C': 4}",50,317.1,100.0,4.562,"{'A': 0.0, 'B': 0.0, 'C': 0.0}",0.0,96.8,rule,53,balanced,47.72,9,3600.2,0,,0.0912
53,"{'A': 0.0, 'B': 0.0, 'C': 0.0}",11,99.95,0.0,"{'A': 18, 'B': 29, 'C': 4}",51,381.3,99.6,5.328,"{'A': 0.0, 'B': 0.0, 'C': 0.0}",0.0,96.8,rule,55,balanced,48.34,10,3600.8,0,,0.1045
54,"{'A': 0.0, 'B': 0.0, 'C': 0.0}",10,99.95,0.0,"{'A': 21, 'B': 30, 'C': 4}",55,374.0,97.1,5.303,"{'A': 0.0, 'B': 0.0, 'C': 0.0}",0.0,96.8,rule,54,balanced,52.35,11,3600.9,0,,0.0964
52,"{'A': 0.0, 'B': 0.0, 'C': 0.0}",10,99.94,0.0,"{'A': 21, 'B': 28, 'C': 4}",53,387.9,98.7,5.505,"{'A': 0.0, 'B': 0.0, 'C': 0.0}",0.0,95.6,rule,54,balanced,50.25,12,3600.5,0,,0.1039
56,"{'A': 0.0, 'B': 0.0, 'C': 0.0}",9,99.96,0.0,"{'A': 18, 'B': 19, 'C': 4}",41,284.2,100.0,4.045,"{'A': 0.0, 'B': 0.0, 'C': 0.0}",0.0,97.1,rule,43,balanced,38.98,13,3600.8,0,,0.0987
53,"{'A': 0.0, 'B': 0.0, 'C': 0.0}",9,99.95,0.0,"{'A': 18, 'B': 32, 'C': 4}",54,357.8,98.2,5.191,"{'A': 0.0, 'B': 0.0, 'C': 0.0}",0.0,96.0,rule,54,balanced,51.4,14,3600.3,0,,0.0961
53,"{'A': 0.0, 'B': 0.0, 'C': 0.0}",9,99.95,0.0,"{'A': 19, 'B': 30, 'C': 4}",53,360.1,98.0,5.222,"{'A': 0.0, 'B': 0.0, 'C': 0.0}",0.0,95.0,rule,54,balanced,50.39,15,3600.5,0,,0.0985
54,"{'A': 0.0, 'B': 0.0, 'C': 0.0}",11,99.95,0.0,"{'A': 18, 'B': 29, 'C': 4}",51,361.0,100.0,5.104,"{'A': 0.0, 'B': 0.0, 'C': 0.0}",0.0,96.8,rule,50,balanced,48.45,16,3600.7,0,,0.1001
52,"{'A': 0.0, 'B': 0.0, 'C': 0.0}",11,99.94,0.0,"{'A': 18, 'B': 32, 'C': 4}",54,393.5,100.0,5.633,"{'A': 0.0, 'B': 0.0, 'C': 0.0}",0.0,94.1,rule,56,balanced,51.18,17,3600.8,0,,0.1043
55,"{'A': 0.0, 'B': 0.0, 'C': 0.0}",9,99.96,0.0,"{'A': 18, 'B': 23, 'C': 4}",45,314.7,99.9,4.446,"{'A': 0.0, 'B': 0.0, 'C': 0.0}",0.0,96.2,rule,47,balanced,42.78,18,3601.0,0,,0.0988
54,"{'A': 0.0, 'B': 0.0, 'C': 0.0}",12,99.95,0.0,"{'A': 18, 'B': 30, 'C': 4}",52,378.4,100.0,5.312,"{'A': 0.0, 'B': 0.0, 'C': 0.0}",0.0,96.8,rule,53,balanced,49.34,19,3600.3,0,,0.1022
58,"{'A': 0.0, 'B': 0.0, 'C': 0.0}",6,99.98,0.0,"{'A': 9, 'B': 12, 'C': 2}",23,176.7,99.4,2.47,"{'A': 0.0, 'B': 0.0, 'C': 0.0}",0.0,97.0,rule,25,fault_burst,21.76,0,3600.1,0,,0.1074
54,"{'A': 0.0, 'B': 0.0, 'C': 0.0}",6,99.96,0.0,"{'A': 12, 'B': 21, 'C': 4}",37,275.9,96.9,3.929,"{'A': 0.0, 'B': 0.0, 'C': 0.0}",0.0,96.9,rule,42,fault_burst,35.04,1,3600.5,0,,0.1062
56,"{'A': 0.0, 'B': 0.0, 'C': 0.0}",8,99.97,0.0,"{'A': 15, 'B': 16, 'C': 2}",33,249.4,99.7,3.485,"{'A': 0.0, 'B': 0.0, 'C': 0.0}",0.0,95.9,rule,34,fault_burst,31.26,2,3600.5,0,,0.1056
56,"{'A': 0.0, 'B': 0.0, 'C': 0.0}",7,99.97,0.0,"{'A': 12, 'B': 16, 'C': 2}",30,231.2,100.0,3.197,"{'A': 0.0, 'B': 0.0, 'C': 0.0}",0.0,96.8,rule,30,fault_burst,28.4,3,3600.8,0,,0.1066
57,"{'A': 0.0, 'B': 0.0, 'C': 0.0}",6,99.97,0.0,"{'A': 9, 'B': 21, 'C': 2}",32,226.6,97.6,3.119,"{'A': 0.0, 'B': 0.0, 'C': 0.0}",0.0,96.8,rule,29,fault_burst,30.44,4,3601.0,0,,0.0975
56,"{'A': 0.0, 'B': 0.0, 'C': 0.0}",8,99.97,0.0,"{'A': 15, 'B': 18, 'C': 2}",35,241.6,99.8,3.401,"{'A': 0.0, 'B': 0.0, 'C': 0.0}",0.0,97.2,rule,35,fault_burst,33.3,5,3600.4,0,,0.0972
57,"{'A': 0.0, 'B': 0.0, 'C': 0.0}",5,99.98,0.0,"{'A': 12, 'B': 8, 'C': 2}",22,168.1,100.0,2.356,"{'A': 0.0, 'B': 0.0, 'C': 0.0}",0.0,97.0,rule,23,fault_burst,20.82,6,3600.1,0,,0.1071
56,"{'A': 0.0, 'B': 0.0, 'C': 0.0}",7,99.97,0.0,"{'A': 9, 'B': 21, 'C': 4}",34,243.9,98.7,3.457,"{'A': 0.0, 'B': 0.0, 'C': 0.0}",0.0,96.8,rule,33,fault_burst,32.27,7,3600.4,0,,0.1017
56,"{'A': 0.0, 'B': 0.0, 'C': 0.0}",10,99.96,0.0,"{'A': 12, 'B': 24, 'C': 2}",38,292.4,99.6,4.022,"{'A': 0.0, 'B': 0.0, 'C': 0.0}",0.0,97.1,rule,38,fault_burst,35.99,8,3600.8,0,,0.1059
57,"{'A': 0.0, 'B': 0.0, 'C': 0.0}",8,99.97,0.0,"{'A': 15, 'B': 17, 'C': 2}",34,249.4,98.2,3.487,"{'A': 0.0, 'B': 0.0, 'C': 0.0}",0.0,97.1,rule,34,fault_burst,32.26,9,3600.6,0,,0.1026
57,"{'A': 0.0, 'B': 0.0, 'C': 0.0}",9,99.96,0.0,"{'A': 15, 'B': 16, 'C': 2}",33,259.5,100.0,3.579,"{'A': 0.0, 'B': 0.0, 'C': 0.0}",0.0,97.0,rule,33,fault_burst,31.21,10,3600.3,0,,0.1084
57,"{'A': 0.0, 'B': 0.0, 'C': 0.0}",8,99.96,0.0,"{'A': 13, 'B': 21, 'C': 2}",36,257.1,97.2,3.607,"{'A': 0.0, 'B': 0.0, 'C': 0.0}",0.0,97.0,rule,36,fault_burst,34.2,11,3600.2,0,,0.1002
56,"{'A': 0.0, 'B': 0.0, 'C': 0.0}",9,99.96,0.0,"{'A': 15, 'B': 20, 'C': 2}",37,284.9,98.8,3.91,"{'A': 0.0, 'B': 0.0, 'C': 0.0}",0.0,97.0,rule,37,fault_burst,35.04,12,3600.5,0,,0.1057
56,"{'A': 0.0, 'B': 0.0, 'C': 0.0}",9,99.96,0.0,"{'A': 12, 'B': 21, 'C': 2}",35,277.1,99.5,3.759,"{'A': 0.0, 'B': 0.0, 'C': 0.0}",0.0,97.0,rule,38,fault_burst,33.12,13,3600.6,0,,0.1074
56,"{'A': 0.0, 'B': 0.0, 'C': 0.0}",8,99.96,0.0,"{'A': 12, 'B': 20, 'C': 2}",34,262.0,98.8,3.607,"{'A': 0.0, 'B': 0.0, 'C': 0.0}",0.0,97.1,rule,35,fault_burst,32.2,14,3600.8,0,,0.1061
57,"{'A': 0.0, 'B': 0.0, 'C': 0.0}",7,99.96,0.0,"{'A': 15, 'B': 17, 'C': 4}",36,249.6,97.8,3.589,"{'A': 0.0, 'B': 0.0, 'C': 0.0}",0.0,97.1,rule,37,fault_burst,34.21,15,3600.1,0,,0.0997
56,"{'A': 0.0, 'B': 0.0, 'C': 0.0}",7,99.97,0.0,"{'A': 12, 'B': 16, 'C': 2}",30,231.2,100.0,3.197,"{'A': 0.0, 'B': 0.0, 'C': 0.0}",0.0,96.8,rule,33,fault_burst,28.4,16,3600.8,0,,0.1066
56,"{'A': 0.0, 'B': 0.0, 'C': 0.0}",8,99.96,0.0,"{'A': 9, 'B': 25, 'C': 2}",36,251.0,100.0,3.521,"{'A': 0.0, 'B': 0.0, 'C': 0.0}",0.0,97.0,rule,38,fault_burst,34.24,17,3600.6,0,,0.0978
57,"{'A': 0.0, 'B': 0.0, 'C': 0.0}",6,99.97,0.0,"{'A': 15, 'B': 13, 'C': 2}",30,208.8,100.0,3.001,"{'A': 0.0, 'B': 0.0, 'C': 0.0}",0.0,95.8,rule,33,fault_burst,28.5,18,3600.5,0,,0.1
57,"{'A': 0.0, 'B': 0.0, 'C': 0.0}",6,99.97,0.0,"{'A': 9, 'B': 17, 'C': 2}",28,201.5,100.0,2.807,"{'A': 0.0, 'B': 0.0, 'C': 0.0}",0.0,96.8,rule,31,fault_burst,26.6,19,3600.7,0,,0.1003
50,"{'A': 0.0, 'B': 0.0, 'C': 0.0}",7,99.93,0.0,"{'A': 27, 'B': 58, 'C': 9}",94,444.8,93.6,6.779,"{'A': 0.0, 'B': 0.0, 'C': 0.0}",0.0,90.8,rule,98,high_demand,90.61,0,3600.5,0,,0.0721
45,"{'A': 6.7, 'B': 29.9, 'C': 0.0}",5,99.92,0.0,"{'A': 40, 'B': 59, 'C': 8}",107,475.2,92.7,7.551,"{'A': 0.07, 'B': 0.5, 'C': 0.0}",0.57,91.3,rule,111,high_demand,102.65,1,3600.4,0,,0.0706
45,"{'A': 0.0, 'B': 0.0, 'C': 47.4}",5,99.92,0.0,"{'A': 34, 'B': 55, 'C': 9}",98,479.9,93.0,7.536,"{'A': 0.0, 'B': 0.0, 'C': 0.13}",0.13,91.3,rule,109,high_demand,94.1,2,3600.5,0,,0.0769
46,"{'A': 0.0, 'B': 70.6, 'C': 0.0}",5,99.93,0.0,"{'A': 39, 'B': 52, 'C': 8}",99,463.8,93.5,7.332,"{'A': 0.0, 'B': 1.18, 'C': 0.0}",1.18,90.5,rule,107,high_demand,94.16,3,3600.3,0,,0.0741
49,"{'A': 0.0, 'B': 0.0, 'C': 0.0}",10,99.94,0.0,"{'A': 17, 'B': 59, 'C': 10}",86,433.3,97.8,6.48,"{'A': 0.0, 'B': 0.0, 'C': 0.0}",0.0,94.6,rule,85,high_demand,82.76,4,3600.1,0,,0.0753
46,"{'A': 0.0, 'B': 9.3, 'C': 0.0}",5,99.92,0.0,"{'A': 41, 'B': 59, 'C': 10}",110,487.6,90.9,7.734,"{'A': 0.0, 'B': 0.16, 'C': 0.0}",0.16,90.9,rule,111,high_demand,105.98,5,3600.3,0,,0.0703
52,"{'A': 0.0, 'B': 0.0, 'C': 0.0}",9,99.95,0.0,"{'A': 18, 'B': 37, 'C': 8}",63,346.2,99.1,5.142,"{'A': 0.0, 'B': 0.0, 'C': 0.0}",0.0,96.0,rule,67,high_demand,60.43,6,3600.8,0,,0.0816
47,"{'A': 9.8, 'B': 80.3, 'C': 0.0}",5,99.93,0.0,"{'A': 38, 'B': 57, 'C': 8}",103,460.1,92.7,7.286,"{'A': 0.11, 'B': 1.34, 'C': 0.0}",1.45,91.2,rule,106,high_demand,97.91,7,3600.7,0,,0.0707
44,"{'A': 0.0, 'B': 0.0, 'C': 0.0}",7,99.93,0.0,"{'A': 36, 'B': 54, 'C': 8}",98,447.6,99.2,6.965,"{'A': 0.0, 'B': 0.0, 'C': 0.0}",0.0,93.2,rule,110,high_demand,94.52,8,3600.7,0,,0.0711
46,"{'A': 0.0, 'B': 0.0, 'C': 0.0}",5,99.93,0.0,"{'A': 34, 'B': 54, 'C': 9}",97,425.1,97.0,6.792,"{'A': 0.0, 'B': 0.0, 'C': 0.0}",0.0,91.5,rule,108,high_demand,93.6,9,3600.1,0,,0.07
44,"{'A': 0.0, 'B': 0.0, 'C': 0.0}",6,99.93,0.0,"{'A': 37, 'B': 53, 'C': 8}",98,429.7,99.6,6.779,"{'A': 0.0, 'B': 0.0, 'C': 0.0}",0.0,93.2,rule,107,high_demand,94.61,10,3600.8,0,,0.0692
46,"{'A': 0.0, 'B': 0.0, 'C': 0.0}",6,99.93,0.0,"{'A': 38, 'B': 56, 'C': 8}",102,452.3,96.0,7.102,"{'A': 0.0, 'B': 0.0, 'C': 0.0}",0.0,93.0,rule,109,high_demand,98.45,11,3600.6,0,,0.0696
43,"{'A': 0.0, 'B': 67.0, 'C': 5.0}",4,99.92,0.0,"{'A': 40, 'B': 56, 'C': 9}",105,476.2,93.1,7.605,"{'A': 0.0, 'B': 1.12, 'C': 0.01}",1.13,91.0,rule,107,high_demand,100.07,12,3600.1,0,,0.0724
48,"{'A': 0.0, 'B': 0.0, 'C': 0.0}",8,99.94,0.0,"{'A': 37, 'B': 35, 'C': 8}",80,407.7,99.0,6.253,"{'A': 0.0, 'B': 0.0, 'C': 0.0}",0.0,92.9,rule,90,high_demand,76.87,13,3600.4,0,,0.0782
46,"{'A': 0.0, 'B': 13.0, 'C': 0.0}",6,99.92,0.0,"{'A': 39, 'B': 59, 'C': 7}",105,482.2,92.2,7.524,"{'A': 0.0, 'B': 0.22, 'C': 0.0}",0.22,91.3,rule,109,high_demand,101.02,14,3600.4,0,,0.0717
45,"{'A': 0.0, 'B': 0.0, 'C': 0.0}",6,99.93,0.0,"{'A': 39, 'B': 54, 'C': 8}",101,451.5,96.6,7.132,"{'A': 0.0, 'B': 0.0, 'C': 0.0}",0.0,92.7,rule,106,high_demand,97.43,15,3600.7,0,,0.0706
46,"{'A': 0.0, 'B': 0.0, 'C': 47.9}",6,99.93,0.0,"{'A': 39, 'B': 52, 'C': 9}",100,473.0,92.6,7.419,"{'A': 0.0, 'B': 0.0, 'C': 0.13}",0.13,91.3,rule,100,high_demand,96.16,16,3600.8,0,,0.0742
46,"{'A': 0.0, 'B': 77.3, 'C': 0.0}",5,99.93,0.0,"{'A': 39, 'B': 59, 'C': 8}",106,474.2,92.2,7.479,"{'A': 0.0, 'B': 1.29, 'C': 0.0}",1.29,90.1,rule,104,high_demand,100.97,17,3600.8,0,,0.0706
49,"{'A': 0.0, 'B': 0.0, 'C': 0.0}",8,99.93,0.0,"{'A': 41, 'B': 42, 'C': 8}",91,427.9,97.4,6.575,"{'A': 0.0, 'B': 0.0, 'C': 0.0}",0.0,94.5,rule,91,high_demand,87.71,18,3600.1,0,,0.0723
45,"{'A': 0.0, 'B': 0.0, 'C': 0.0}",7,99.93,0.0,"{'A': 35, 'B': 55, 'C': 8}",98,439.8,98.7,6.838,"{'A': 0.0, 'B': 0.0, 'C': 0.0}",0.0,93.2,rule,105,high_demand,94.58,19,3600.6,0,,0.0698
11,"{'A': 978.0, 'B': 2101.5, 'C': 2025.2}",1,99.98,0.0,"{'A': 12, 'B': 9, 'C': 3}",24,113.5,94.5,1.846,"{'A': 5.43, 'B': 17.51, 'C': 2.81}",25.76,27.1,rule,23,low_battery_start,-2.68,0,3600.9,0,,0.0769
11,"{'A': 1791.5, 'B': 2098.4, 'C': 2137.6}",1,99.98,0.0,"{'A': 12, 'B': 9, 'C': 3}",24,113.5,94.5,1.846,"{'A': 9.95, 'B': 17.49, 'C': 2.97}",30.41,27.1,rule,24,low_battery_start,-7.33,1,3600.9,0,,0.0769
11,"{'A': 1775.9, 'B': 1981.5, 'C': 1808.9}",1,99.98,0.0,"{'A': 12, 'B': 9, 'C': 3}",24,113.5,94.5,1.846,"{'A': 9.87, 'B': 16.51, 'C': 2.51}",28.89,27.1,rule,23,low_battery_start,-5.81,2,3600.9,0,,0.0769
11,"{'A': 1816.0, 'B': 2101.9, 'C': 1816.2}",1,99.98,0.0,"{'A': 12, 'B': 8, 'C': 3}",23,113.9,94.5,1.845,"{'A': 10.09, 'B': 17.52, 'C': 2.52}",30.13,27.1,rule,22,low_battery_start,-8.05,3,3600.9,0,,0.0802
11,"{'A': 0.0, 'B': 1886.9, 'C': 2125.3}",1,99.98,0.0,"{'A': 6, 'B': 16, 'C': 3}",25,113.2,94.6,1.831,"{'A': 0.0, 'B': 15.72, 'C': 2.95}",18.68,27.1,rule,22,low_battery_start,5.41,4,3600.2,0,,0.0733
11,"{'A': 1905.0, 'B': 1988.6, 'C': 2156.1}",1,99.98,0.0,"{'A': 12, 'B': 9, 'C': 3}",24,113.5,94.5,1.846,"{'A': 10.58, 'B': 16.57, 'C': 2.99}",30.15,27.1,rule,25,low_battery_start,-7.07,5,3600.9,0,,0.0769
11,"{'A': 157.7, 'B': 834.6, 'C': 1629.9}",1,99.98,0.0,"{'A': 12, 'B': 9, 'C': 3}",24,113.2,94.5,1.844,"{'A': 0.88, 'B': 6.95, 'C': 2.26}",10.09,27.1,rule,22,low_battery_start,12.98,6,3600.2,0,,0.0768
11,"{'A': 1798.6, 'B': 2097.5, 'C': 2103.9}",1,99.98,0.0,"{'A': 12, 'B': 9, 'C': 3}",24,113.5,94.5,1.846,"{'A': 9.99, 'B': 17.48, 'C': 2.92}",30.39,27.1,rule,23,low_battery_start,-7.32,7,3600.9,0,,0.0769
11,"{'A': 1854.6, 'B': 1994.7, 'C': 2035.4}",1,99.98,0.0,"{'A': 12, 'B': 9, 'C': 3}",24,113.5,94.5,1.846,"{'A': 10.3, 'B': 16.62, 'C': 2.83}",29.75,27.1,rule,24,low_battery_start,-6.68,8,3600.9,0,,0.0769
11,"{'A': 1875.9, 'B': 2208.5, 'C': 2096.1}",1,99.98,0.0,"{'A': 12, 'B': 8, 'C': 3}",23,113.9,94.5,1.845,"{'A': 10.42, 'B': 18.4, 'C': 2.91}",31.74,27.1,rule,22,low_battery_start,-9.66,9,3600.9,0,,0.0802
11,"{'A': 1918.3, 'B': 2113.1, 'C': 1931.4}",1,99.98,0.0,"{'A': 12, 'B': 8, 'C': 3}",23,113.9,94.5,1.845,"{'A': 10.66, 'B': 17.61, 'C': 2.68}",30.95,27.1,rule,22,low_battery_start,-8.87,10,3600.9,0,,0.0802
11,"{'A': 1879.2, 'B': 2098.6, 'C': 2177.6}",1,99.98,0.0,"{'A': 12, 'B': 9, 'C': 3}",24,113.5,94.5,1.846,"{'A': 10.44, 'B': 17.49, 'C': 3.02}",30.95,27.1,rule,23,low_battery_start,-7.88,11,3600.9,0,,0.0769
11,"{'A': 1722.7, 'B': 2074.8, 'C': 2077.1}",1,99.98,0.0,"{'A': 12, 'B': 9, 'C': 3}",24,113.5,94.5,1.846,"{'A': 9.57, 'B': 17.29, 'C': 2.88}",29.75,27.1,rule,23,low_battery_start,-6.67,12,3600.9,0,,0.0769
11,"{'A': 1961.5, 'B': 1127.2, 'C': 1596.9}",1,99.98,0.0,"{'A': 12, 'B': 8, 'C': 3}",23,113.9,94.5,1.845,"{'A': 10.9, 'B': 9.39, 'C': 2.22}",22.51,27.1,rule,23,low_battery_start,-0.43,13,3600.9,0,,0.0802
11,"{'A': 1925.0, 'B': 2074.5, 'C': 2093.4}",1,99.98,0.0,"{'A': 12, 'B': 9, 'C': 3}",24,113.5,94.5,1.846,"{'A': 10.69, 'B': 17.29, 'C': 2.91}",30.89,27.1,rule,23,low_battery_start,-7.81,14,3600.9,0,,0.0769
11,"{'A': 1847.9, 'B': 2038.7, 'C': 1800.3}",1,99.98,0.0,"{'A': 12, 'B': 9, 'C': 3}",24,113.5,94.5,1.846,"{'A': 10.27, 'B': 16.99, 'C': 2.5}",29.76,27.1,rule,23,low_battery_start,-6.68,15,3600.9,0,,0.0769
11,"{'A': 1764.2, 'B': 2160.4, 'C': 1952.0}",1,99.98,0.0,"{'A': 12, 'B': 8, 'C': 3}",23,113.9,94.5,1.845,"{'A': 9.8, 'B': 18.0, 'C': 2.71}",30.52,27.1,rule,21,low_battery_start,-8.44,16,3600.9,0,,0.0802
11,"{'A': 1902.3, 'B': 2035.0, 'C': 1570.6}",1,99.98,0.0,"{'A': 12, 'B': 9, 'C': 3}",24,113.5,94.5,1.846,"{'A': 10.57, 'B': 16.96, 'C': 2.18}",29.71,27.1,rule,23,low_battery_start,-6.63,17,3600.9,0,,0.0769
11,"{'A': 1919.1, 'B': 1053.5, 'C': 2269.9}",1,99.98,0.0,"{'A': 12, 'B': 9, 'C': 3}",24,113.5,94.5,1.846,"{'A': 10.66, 'B': 8.78, 'C': 3.15}",22.59,27.1,rule,23,low_battery_start,0.48,18,3600.9,0,,0.0769
11,"{'A': 1882.1, 'B': 2206.1, 'C': 1797.3}",1,99.98,0.0,"{'A': 12, 'B': 8, 'C': 3}",23,113.9,94.5,1.845,"{'A': 10.46, 'B': 18.38, 'C': 2.5}",31.34,27.1,rule,23,low_battery_start,-9.26,19,3600.9,0,,0.0802
50,"{'A': 0.0, 'B': 0.0, 'C': 0.0}",11,99.94,0.0,"{'A': 15, 'B': 57, 'C': 4}",76,428.9,98.0,6.163,"{'A': 0.0, 'B': 0.0, 'C': 0.0}",0.0,96.2,rule,78,one_hot_section,72.92,0,3600.7,0,,0.0811
49,"{'A': 0.0, 'B': 0.0, 'C': 0.0}",10,99.94,0.0,"{'A': 19, 'B': 59, 'C': 4}",82,421.8,100.0,6.131,"{'A': 0.0, 'B': 0.0, 'C': 0.0}",0.0,96.0,rule,85,one_hot_section,78.93,1,3600.5,0,,0.0748
49,"{'A': 0.0, 'B': 0.0, 'C': 0.0}",10,99.94,0.0,"{'A': 18, 'B': 56, 'C': 4}",78,430.2,99.6,6.274,"{'A': 0.0, 'B': 0.0, 'C': 0.0}",0.0,94.9,rule,83,one_hot_section,74.86,2,3600.2,0,,0.0804
49,"{'A': 0.0, 'B': 0.0, 'C': 0.0}",9,99.94,0.0,"{'A': 19, 'B': 56, 'C': 4}",79,411.0,99.0,6.034,"{'A': 0.0, 'B': 0.0, 'C': 0.0}",0.0,94.2,rule,81,one_hot_section,75.98,3,3600.9,0,,0.0764
51,"{'A': 0.0, 'B': 0.0, 'C': 0.0}",10,99.94,0.0,"{'A': 9, 'B': 60, 'C': 4}",73,391.0,98.4,5.528,"{'A': 0.0, 'B': 0.0, 'C': 0.0}",0.0,96.9,rule,71,one_hot_section,70.24,4,3600.6,0,,0.0757
49,"{'A': 0.0, 'B': 0.0, 'C': 0.0}",9,99.94,0.0,"{'A': 19, 'B': 59, 'C': 4}",82,429.9,98.9,6.274,"{'A': 0.0, 'B': 0.0, 'C': 0.0}",0.0,94.5,rule,85,one_hot_section,78.86,5,3600.4,0,,0.0765
54,"{'A': 0.0, 'B': 0.0, 'C': 0.0}",8,99.96,0.0,"{'A': 10, 'B': 37, 'C': 4}",51,291.4,98.4,4.153,"{'A': 0.0, 'B': 0.0, 'C': 0.0}",0.0,96.9,rule,51,one_hot_section,48.92,6,3600.1,0,,0.0814
49,"{'A': 0.0, 'B': 0.0, 'C': 0.0}",10,99.94,0.0,"{'A': 19, 'B': 54, 'C': 3}",76,428.3,99.3,6.151,"{'A': 0.0, 'B': 0.0, 'C': 0.0}",0.0,95.6,rule,83,one_hot_section,72.92,7,3600.2,0,,0.0809
50,"{'A': 0.0, 'B': 0.0, 'C': 0.0}",10,99.94,0.0,"{'A': 17, 'B': 59, 'C': 4}",80,418.9,99.8,6.055,"{'A': 0.0, 'B': 0.0, 'C': 0.0}",0.0,94.7,rule,83,one_hot_section,76.97,8,3600.1,0,,0.0757
48,"{'A': 0.0, 'B': 0.0, 'C': 0.0}",10,99.94,0.0,"{'A': 18, 'B': 57, 'C': 4}",79,437.6,98.5,6.434,"{'A': 0.0, 'B': 0.0, 'C': 0.0}",0.0,94.1,rule,82,one_hot_section,75.78,9,3600.2,0,,0.0814
48,"{'A': 0.0, 'B': 0.0, 'C': 0.0}",10,99.94,0.0,"{'A': 18, 'B': 57, 'C': 4}",79,431.0,99.2,6.221,"{'A': 0.0, 'B': 0.0, 'C': 0.0}",0.0,96.1,rule,85,one_hot_section,75.89,10,3600.2,0,,0.0788
49,"{'A': 0.0, 'B': 0.0, 'C': 0.0}",10,99.94,0.0,"{'A': 19, 'B': 58, 'C': 4}",81,441.6,98.1,6.458,"{'A': 0.0, 'B': 0.0, 'C': 0.0}",0.0,94.2,rule,83,one_hot_section,77.77,11,3600.2,0,,0.0797
49,"{'A': 0.0, 'B': 0.0, 'C': 0.0}",10,99.94,0.0,"{'A': 18, 'B': 55, 'C': 4}",77,442.6,99.4,6.312,"{'A': 0.0, 'B': 0.0, 'C': 0.0}",0.0,95.8,rule,82,one_hot_section,73.84,12,3600.8,0,,0.082
53,"{'A': 0.0, 'B': 0.0, 'C': 0.0}",10,99.94,0.0,"{'A': 21, 'B': 40, 'C': 4}",65,386.6,97.1,5.543,"{'A': 0.0, 'B': 0.0, 'C': 0.0}",0.0,95.9,rule,66,one_hot_section,62.23,13,3600.3,0,,0.0853
49,"{'A': 0.0, 'B': 0.0, 'C': 0.0}",11,99.94,0.0,"{'A': 18, 'B': 59, 'C': 4}",81,419.4,99.5,6.13,"{'A': 0.0, 'B': 0.0, 'C': 0.0}",0.0,97.1,rule,83,one_hot_section,77.93,14,3600.5,0,,0.0757
51,"{'A': 0.0, 'B': 0.0, 'C': 0.0}",10,99.94,0.0,"{'A': 19, 'B': 59, 'C': 4}",82,429.2,96.6,6.308,"{'A': 0.0, 'B': 0.0, 'C': 0.0}",0.0,94.6,rule,83,one_hot_section,78.85,15,3600.4,0,,0.0769
48,"{'A': 0.0, 'B': 0.0, 'C': 0.0}",9,99.94,0.0,"{'A': 18, 'B': 55, 'C': 4}",77,421.6,100.0,6.186,"{'A': 0.0, 'B': 0.0, 'C': 0.0}",0.0,94.2,rule,77,one_hot_section,73.91,16,3600.1,0,,0.0803
48,"{'A': 0.0, 'B': 0.0, 'C': 0.0}",9,99.94,0.0,"{'A': 18, 'B': 56, 'C': 4}",78,434.3,99.3,6.456,"{'A': 0.0, 'B': 0.0, 'C': 0.0}",0.0,94.1,rule,84,one_hot_section,74.77,17,3600.6,0,,0.0828
52,"{'A': 0.0, 'B': 0.0, 'C': 0.0}",8,99.95,0.0,"{'A': 18, 'B': 42, 'C': 4}",64,354.7,98.8,5.112,"{'A': 0.0, 'B': 0.0, 'C': 0.0}",0.0,96.0,rule,64,one_hot_section,61.44,18,3600.5,0,,0.0799
47,"{'A': 0.0, 'B': 0.0, 'C': 0.0}",9,99.94,0.0,"{'A': 18, 'B': 54, 'C': 4}",76,428.8,99.4,6.341,"{'A': 0.0, 'B': 0.0, 'C': 0.0}",0.0,94.1,rule,81,one_hot_section,72.83,19,3600.5,0,,0.0834
53,"{'A': 0.0, 'B': 0.0, 'C': 0.0}",8,44.95,0.0,"{'A': 12, 'B': 29, 'C': 4}",45,328.9,97.0,4.919,"{'A': 0.0, 'B': 0.0, 'C': 0.0}",0.0,96.6,rule,47,worn_robot,42.54,0,3600.2,0,,0.1093
51,"{'A': 0.0, 'B': 0.0, 'C': 0.0}",9,44.94,0.0,"{'A': 21, 'B': 29, 'C': 4}",54,369.5,99.1,5.622,"{'A': 0.0, 'B': 0.0, 'C': 0.0}",0.0,95.7,rule,55,worn_robot,51.19,1,3600.4,0,,0.1041
51,"{'A': 0.0, 'B': 0.0, 'C': 0.0}",9,44.94,0.0,"{'A': 18, 'B': 31, 'C': 4}",53,371.1,97.6,5.637,"{'A': 0.0, 'B': 0.0, 'C': 0.0}",0.0,96.5,rule,53,worn_robot,50.18,2,3600.5,0,,0.1064
53,"{'A': 0.0, 'B': 0.0, 'C': 0.0}",12,44.94,0.0,"{'A': 18, 'B': 30, 'C': 4}",52,377.7,98.2,5.703,"{'A': 0.0, 'B': 0.0, 'C': 0.0}",0.0,96.6,rule,52,worn_robot,49.15,3,3600.4,0,,0.1097
54,"{'A': 0.0, 'B': 0.0, 'C': 0.0}",9,44.95,0.0,"{'A': 9, 'B': 33, 'C': 4}",46,314.0,99.0,4.653,"{'A': 0.0, 'B': 0.0, 'C': 0.0}",0.0,96.6,rule,44,worn_robot,43.67,4,3600.1,0,,0.1011
50,"{'A': 0.0, 'B': 0.0, 'C': 0.0}",9,44.94,0.0,"{'A': 18, 'B': 30, 'C': 4}",52,363.2,99.4,5.506,"{'A': 0.0, 'B': 0.0, 'C': 0.0}",0.0,95.6,rule,54,worn_robot,49.25,5,3600.2,0,,0.1059
55,"{'A': 0.0, 'B': 0.0, 'C': 0.0}",6,44.96,0.0,"{'A': 9, 'B': 20, 'C': 4}",33,241.5,99.0,3.583,"{'A': 0.0, 'B': 0.0, 'C': 0.0}",0.0,96.6,rule,31,worn_robot,31.21,6,3600.3,0,,0.1086
50,"{'A': 0.0, 'B': 0.0, 'C': 0.0}",7,44.95,0.0,"{'A': 18, 'B': 27, 'C': 4}",49,311.6,100.0,4.797,"{'A': 0.0, 'B': 0.0, 'C': 0.0}",0.0,95.9,rule,51,worn_robot,46.6,7,3600.9,0,,0.0979
52,"{'A': 0.0, 'B': 0.0, 'C': 0.0}",11,44.94,0.0,"{'A': 19, 'B': 30, 'C': 4}",53,380.8,100.0,5.739,"{'A': 0.0, 'B': 0.0, 'C': 0.0}",0.0,96.6,rule,53,worn_robot,50.13,8,3600.4,0,,0.1083
50,"{'A': 0.0, 'B': 0.0, 'C': 0.0}",9,44.94,0.0,"{'A': 19, 'B': 27, 'C': 4}",50,362.7,100.0,5.591,"{'A': 0.0, 'B': 0.0, 'C': 0.0}",0.0,95.2,rule,51,worn_robot,47.2,9,3600.1,0,,0.1118
52,"{'A': 0.0, 'B': 0.0, 'C': 0.0}",7,44.95,0.0,"{'A': 21, 'B': 31, 'C': 4}",56,352.6,95.8,5.45,"{'A': 0.0, 'B': 0.0, 'C': 0.0}",0.0,95.8,rule,54,worn_robot,53.28,10,3600.2,0,,0.0973
53,"{'A': 0.0, 'B': 0.0, 'C': 0.0}",11,44.94,0.0,"{'A': 18, 'B': 31, 'C': 4}",53,366.4,98.2,5.552,"{'A': 0.0, 'B': 0.0, 'C': 0.0}",0.0,96.6,rule,53,worn_robot,50.22,11,3600.4,0,,0.1048
50,"{'A': 0.0, 'B': 0.0, 'C': 0.0}",8,44.95,0.0,"{'A': 19, 'B': 28, 'C': 4}",51,351.5,100.0,5.367,"{'A': 0.0, 'B': 0.0, 'C': 0.0}",0.0,95.5,rule,53,worn_robot,48.32,12,3600.2,0,,0.1052
54,"{'A': 0.0, 'B': 0.0, 'C': 0.0}",8,44.96,0.0,"{'A': 18, 'B': 18, 'C': 4}",40,264.4,100.0,4.099,"{'A': 0.0, 'B': 0.0, 'C': 0.0}",0.0,97.0,rule,44,worn_robot,37.95,13,3600.8,0,,0.1025
50,"{'A': 0.0, 'B': 0.0, 'C': 0.0}",8,44.94,0.0,"{'A': 18, 'B': 30, 'C': 4}",52,347.5,97.9,5.553,"{'A': 0.0, 'B': 0.0, 'C': 0.0}",0.0,93.7,rule,55,worn_robot,49.22,14,3600.0,0,,0.1068
53,"{'A': 0.0, 'B': 0.0, 'C': 0.0}",11,44.94,0.0,"{'A': 18, 'B': 29, 'C': 4}",51,365.6,99.8,5.519,"{'A': 0.0, 'B': 0.0, 'C': 0.0}",0.0,95.8,rule,54,worn_robot,48.24,15,3600.5,0,,0.1082
51,"{'A': 0.0, 'B': 0.0, 'C': 0.0}",7,44.95,0.0,"{'A': 18, 'B': 29, 'C': 4}",51,337.5,100.0,5.23,"{'A': 0.0, 'B': 0.0, 'C': 0.0}",0.0,95.6,rule,49,worn_robot,48.39,16,3600.4,0,,0.1025
48,"{'A': 0.0, 'B': 0.0, 'C': 0.0}",9,44.94,0.0,"{'A': 19, 'B': 29, 'C': 4}",52,379.3,100.0,5.862,"{'A': 0.0, 'B': 0.0, 'C': 0.0}",0.0,93.7,rule,53,worn_robot,49.07,17,3600.5,0,,0.1127
55,"{'A': 0.0, 'B': 0.0, 'C': 0.0}",8,44.96,0.0,"{'A': 18, 'B': 18, 'C': 4}",40,293.1,98.9,4.469,"{'A': 0.0, 'B': 0.0, 'C': 0.0}",0.0,95.4,rule,44,worn_robot,37.77,18,3600.6,0,,0.1117
53,"{'A': 0.0, 'B': 0.0, 'C': 0.0}",10,44.95,0.0,"{'A': 18, 'B': 28, 'C': 4}",50,337.8,100.0,5.156,"{'A': 0.0, 'B': 0.0, 'C': 0.0}",0.0,95.7,rule,53,worn_robot,47.42,19,3600.2,0,,0.1031
40,"{'A': 0.0, 'B': 0.0, 'C': 0.0}",6,99.92,0.0,"{'A': 14, 'B': 31, 'C': 4}",49,508.3,96.3,7.606,"{'A': 0.0, 'B': 0.0, 'C': 0.0}",0.0,88.2,ns,50,balanced,45.2,0,3600.3,0,,0.1552
39,"{'A': 0.0, 'B': 0.0, 'C': 0.0}",5,99.93,0.0,"{'A': 18, 'B': 29, 'C': 4}",51,480.0,99.7,7.185,"{'A': 0.0, 'B': 0.0, 'C': 0.0}",0.0,86.7,ns,53,balanced,47.41,1,3600.8,0,,0.1409
40,"{'A': 0.0, 'B': 0.0, 'C': 0.0}",7,99.92,0.0,"{'A': 17, 'B': 29, 'C': 4}",50,511.6,96.7,7.57,"{'A': 0.0, 'B': 0.0, 'C': 0.0}",0.0,88.4,ns,50,balanced,46.22,2,3600.7,0,,0.1514
42,"{'A': 0.0, 'B': 0.0, 'C': 0.0}",8,99.93,0.0,"{'A': 19, 'B': 29, 'C': 4}",52,494.5,97.9,7.221,"{'A': 0.0, 'B': 0.0, 'C': 0.0}",0.0,93.1,ns,53,balanced,48.39,3,3600.8,0,,0.1389
48,"{'A': 0.0, 'B': 0.0, 'C': 0.0}",7,99.94,0.0,"{'A': 9, 'B': 31, 'C': 5}",45,420.4,95.7,6.468,"{'A': 0.0, 'B': 0.0, 'C': 0.0}",0.0,94.1,ns,42,balanced,41.77,4,3600.0,0,,0.1437
43,"{'A': 0.0, 'B': 0.0, 'C': 0.0}",5,99.93,0.0,"{'A': 20, 'B': 31, 'C': 4}",55,470.3,94.1,7.268,"{'A': 0.0, 'B': 0.0, 'C': 0.0}",0.0,87.5,ns,54,balanced,51.37,5,3600.0,0,,0.1322
48,"{'A': 0.0, 'B': 0.0, 'C': 0.0}",4,99.93,0.0,"{'A': 9, 'B': 19, 'C': 4}",32,402.3,87.4,6.981,"{'A': 0.0, 'B': 0.0, 'C': 0.0}",0.0,87.4,ns,33,balanced,28.51,6,3600.5,0,,0.2182
43,"{'A': 0.0, 'B': 0.0, 'C': 0.0}",8,99.93,0.0,"{'A': 21, 'B': 33, 'C': 2}",56,502.2,97.4,7.21,"{'A': 0.0, 'B': 0.0, 'C': 0.0}",0.0,90.7,ns,56,balanced,52.4,7,3600.6,0,,0.1287
44,"{'A': 0.0, 'B': 0.0, 'C': 0.0}",8,99.93,0.0,"{'A': 20, 'B': 30, 'C': 4}",54,493.9,96.0,7.162,"{'A': 0.0, 'B': 0.0, 'C': 0.0}",0.0,93.3,ns,54,balanced,50.42,8,3600.4,0,,0.1326
44,"{'A': 0.0, 'B': 0.0, 'C': 0.0}",7,99.93,0.0,"{'A': 21, 'B': 31, 'C': 4}",56,483.6,95.1,7.122,"{'A': 0.0, 'B': 0.0, 'C': 0.0}",0.0,88.3,ns,56,balanced,52.44,9,3600.0,0,,0.1272
42,"{'A': 0.0, 'B': 0.0, 'C': 0.0}",6,99.93,0.0,"{'A': 18, 'B': 31, 'C': 4}",53,462.8,98.6,6.85,"{'A': 0.0, 'B': 0.0, 'C': 0.0}",0.0,85.9,ns,53,balanced,49.57,10,3600.6,0,,0.1292
40,"{'A': 0.0, 'B': 0.0, 'C': 0.0}",7,99.93,0.0,"{'A': 19, 'B': 28, 'C': 3}",50,496.5,99.4,7.228,"{'A': 0.0, 'B': 0.0, 'C': 0.0}",0.0,91.2,ns,54,balanced,46.39,11,3600.2,0,,0.1446
40,"{'A': 0.0, 'B': 0.0, 'C': 0.0}",6,99.93,0.0,"{'A': 20, 'B': 29, 'C': 5}",54,489.7,98.5,7.314,"{'A': 0.0, 'B': 0.0, 'C': 0.0}",0.0,87.3,ns,55,balanced,50.34,12,3600.5,0,,0.1355
45,"{'A': 0.0, 'B': 0.0, 'C': 0.0}",5,99.93,0.0,"{'A': 21, 'B': 20, 'C': 4}",45,411.1,96.2,6.816,"{'A': 0.0, 'B': 0.0, 'C': 0.0}",0.0,90.9,ns,44,balanced,41.59,13,3600.0,0,,0.1515
43,"{'A': 0.0, 'B': 0.0, 'C': 0.0}",9,99.93,0.0,"{'A': 20, 'B': 29, 'C': 4}",53,505.6,99.0,7.138,"{'A': 0.0, 'B': 0.0, 'C': 0.0}",0.0,94.8,ns,53,balanced,49.43,14,3600.3,0,,0.1347
41,"{'A': 0.0, 'B': 0.0, 'C': 0.0}",8,99.93,0.0,"{'A': 19, 'B': 31, 'C': 3}",53,486.9,100.0,7.165,"{'A': 0.0, 'B': 0.0, 'C': 0.0}",0.0,88.3,ns,54,balanced,49.42,15,3600.5,0,,0.1352
40,"{'A': 0.0, 'B': 0.0, 'C': 0.0}",6,99.93,0.0,"{'A': 19, 'B': 28, 'C': 3}",50,504.3,97.4,7.37,"{'A': 0.0, 'B': 0.0, 'C': 0.0}",0.0,86.2,ns,49,balanced,46.31,16,3600.0,0,,0.1474
39,"{'A': 0.0, 'B': 0.0, 'C': 0.0}",6,99.93,0.0,"{'A': 20, 'B': 27, 'C': 2}",49,505.6,98.1,7.382,"{'A': 0.0, 'B': 0.0, 'C': 0.0}",0.0,87.7,ns,52,balanced,45.31,17,3600.4,0,,0.1507
40,"{'A': 0.0, 'B': 0.0, 'C': 0.0}",3,99.93,0.0,"{'A': 21, 'B': 21, 'C': 3}",45,432.4,97.7,7.0,"{'A': 0.0, 'B': 0.0, 'C': 0.0}",0.0,85.7,ns,46,balanced,41.5,18,3600.6,0,,0.1556
44,"{'A': 0.0, 'B': 0.0, 'C': 0.0}",7,99.93,0.0,"{'A': 19, 'B': 29, 'C': 4}",52,485.0,95.4,7.03,"{'A': 0.0, 'B': 0.0, 'C': 0.0}",0.0,92.1,ns,54,balanced,48.49,19,3600.6,0,,0.1352
57,"{'A': 0.0, 'B': 0.0, 'C': 0.0}",2,99.94,0.0,"{'A': 10, 'B': 14, 'C': 3}",27,261.6,77.1,6.158,"{'A': 0.0, 'B': 0.0, 'C': 0.0}",0.0,77.1,ns,27,fault_burst,23.92,0,3600.7,0,,0.2281
53,"{'A': 0.0, 'B': 0.0, 'C': 0.0}",2,99.95,0.0,"{'A': 14, 'B': 23, 'C': 3}",40,250.4,90.2,5.424,"{'A': 0.0, 'B': 0.0, 'C': 0.0}",0.0,86.4,ns,41,fault_burst,37.29,1,3600.1,0,,0.1356
61,"{'A': 0.0, 'B': 0.0, 'C': 0.0}",0,99.94,0.0,"{'A': 14, 'B': 17, 'C': 2}",33,192.3,74.1,5.691,"{'A': 0.0, 'B': 0.0, 'C': 0.0}",0.0,74.1,ns,35,fault_burst,30.15,2,3600.2,0,,0.1724
63,"{'A': 0.0, 'B': 0.0, 'C': 0.0}",1,99.95,0.0,"{'A': 14, 'B': 18, 'C': 2}",34,166.1,80.5,4.585,"{'A': 0.0, 'B': 0.0, 'C': 0.0}",0.0,79.2,ns,32,fault_burst,31.71,3,3600.9,0,,0.1348
60,"{'A': 0.0, 'B': 0.0, 'C': 0.0}",0,99.95,0.0,"{'A': 7, 'B': 16, 'C': 1}",24,117.8,77.3,5.003,"{'A': 0.0, 'B': 0.0, 'C': 0.0}",0.0,77.3,ns,28,fault_burst,21.5,4,3600.1,0,,0.2084
51,"{'A': 0.0, 'B': 0.0, 'C': 0.0}",2,99.96,0.0,"{'A': 18, 'B': 17, 'C': 2}",37,202.6,99.1,3.634,"{'A': 0.0, 'B': 0.0, 'C': 0.0}",0.0,90.8,ns,36,fault_burst,35.18,5,3600.4,0,,0.0982
61,"{'A': 0.0, 'B': 0.0, 'C': 0.0}",0,99.96,0.0,"{'A': 10, 'B': 10, 'C': 3}",23,163.8,83.0,3.747,"{'A': 0.0, 'B': 0.0, 'C': 0.0}",0.0,83.0,ns,23,fault_burst,21.13,6,3600.0,0,,0.1629
61,"{'A': 0.0, 'B': 0.0, 'C': 0.0}",1,99.95,0.0,"{'A': 12, 'B': 22, 'C': 3}",37,151.1,78.4,5.183,"{'A': 0.0, 'B': 0.0, 'C': 0.0}",0.0,78.4,ns,34,fault_burst,34.41,7,3600.4,0,,0.1401
60,"{'A': 0.0, 'B': 0.0, 'C': 0.0}",1,99.95,0.0,"{'A': 13, 'B': 24, 'C': 2}",39,156.3,79.5,4.934,"{'A': 0.0, 'B': 0.0, 'C': 0.0}",0.0,79.5,ns,41,fault_burst,36.53,8,3600.8,0,,0.1265
62,"{'A': 0.0, 'B': 0.0, 'C': 0.0}",0,99.94,0.0,"{'A': 15, 'B': 16, 'C': 3}",34,187.3,73.3,5.871,"{'A': 0.0, 'B': 0.0, 'C': 0.0}",0.0,73.3,ns,35,fault_burst,31.06,9,3600.3,0,,0.1727
61,"{'A': 0.0, 'B': 0.0, 'C': 0.0}",1,99.95,0.0,"{'A': 15, 'B': 16, 'C': 3}",34,142.6,80.3,4.769,"{'A': 0.0, 'B': 0.0, 'C': 0.0}",0.0,80.3,ns,33,fault_burst,31.62,10,3600.7,0,,0.1403
52,"{'A': 0.0, 'B': 0.0, 'C': 0.0}",4,99.95,0.0,"{'A': 12, 'B': 21, 'C': 2}",35,287.9,94.1,4.842,"{'A': 0.0, 'B': 0.0, 'C': 0.0}",0.0,91.3,ns,35,fault_burst,32.58,11,3600.3,0,,0.1383
57,"{'A': 0.0, 'B': 0.0, 'C': 0.0}",2,99.95,0.0,"{'A': 14, 'B': 20, 'C': 2}",36,200.7,84.4,4.988,"{'A': 0.0, 'B': 0.0, 'C': 0.0}",0.0,79.3,ns,38,fault_burst,33.51,12,3600.7,0,,0.1385
51,"{'A': 0.0, 'B': 0.0, 'C': 0.0}",2,99.96,0.0,"{'A': 12, 'B': 19, 'C': 2}",33,190.6,99.4,3.731,"{'A': 0.0, 'B': 0.0, 'C': 0.0}",0.0,91.1,ns,38,fault_burst,31.13,13,3600.8,0,,0.1131
60,"{'A': 0.0, 'B': 0.0, 'C': 0.0}",1,99.95,0.0,"{'A': 11, 'B': 21, 'C': 3}",35,222.6,77.6,5.358,"{'A': 0.0, 'B': 0.0, 'C': 0.0}",0.0,77.6,ns,36,fault_burst,32.32,14,3600.8,0,,0.1531
61,"{'A': 0.0, 'B': 0.0, 'C': 0.0}",1,99.94,0.0,"{'A': 16, 'B': 18, 'C': 2}",36,233.2,73.5,6.17,"{'A': 0.0, 'B': 0.0, 'C': 0.0}",0.0,73.5,ns,35,fault_burst,32.91,15,3600.9,0,,0.1714
61,"{'A': 0.0, 'B': 0.0, 'C': 0.0}",0,99.95,0.0,"{'A': 12, 'B': 18, 'C': 3}",33,145.9,75.9,5.306,"{'A': 0.0, 'B': 0.0, 'C': 0.0}",0.0,75.9,ns,32,fault_burst,30.35,16,3600.0,0,,0.1608
55,"{'A': 0.0, 'B': 0.0, 'C': 0.0}",1,99.95,0.0,"{'A': 11, 'B': 25, 'C': 3}",39,206.5,89.1,4.821,"{'A': 0.0, 'B': 0.0, 'C': 0.0}",0.0,89.0,ns,37,fault_burst,36.59,17,3600.5,0,,0.1236
62,"{'A': 0.0, 'B': 0.0, 'C': 0.0}",1,99.96,0.0,"{'A': 16, 'B': 16, 'C': 2}",34,160.1,83.2,4.07,"{'A': 0.0, 'B': 0.0, 'C': 0.0}",0.0,83.2,ns,32,fault_burst,31.96,18,3600.5,0,,0.1197
60,"{'A': 0.0, 'B': 0.0, 'C': 0.0}",1,99.96,0.0,"{'A': 10, 'B': 19, 'C': 2}",31,202.5,83.1,4.14,"{'A': 0.0, 'B': 0.0, 'C': 0.0}",0.0,83.1,ns,32,fault_burst,28.93,19,3600.2,0,,0.1336
48,"{'A': 0.0, 'B': 0.0, 'C': 0.0}",8,99.93,0.0,"{'A': 24, 'B': 56, 'C': 8}",88,418.9,99.7,6.57,"{'A': 0.0, 'B': 0.0, 'C': 0.0}",0.0,92.0,ns,101,high_demand,84.72,0,3601.0,0,,0.0747
48,"{'A': 0.0, 'B': 0.0, 'C': 0.0}",9,99.93,0.0,"{'A': 40, 'B': 58, 'C': 8}",106,457.4,96.3,7.161,"{'A': 0.0, 'B': 0.0, 'C': 0.0}",0.0,95.5,ns,109,high_demand,102.42,1,3600.9,0,,0.0676
46,"{'A': 0.0, 'B': 32.4, 'C': 79.4}",5,99.93,0.0,"{'A': 38, 'B': 56, 'C': 8}",102,461.0,95.5,7.236,"{'A': 0.0, 'B': 0.54, 'C': 0.22}",0.76,91.0,ns,106,high_demand,97.62,2,3600.1,0,,0.0709
47,"{'A': 178.3, 'B': 310.0, 'C': 216.5}",4,99.93,0.0,"{'A': 37, 'B': 56, 'C': 9}",102,457.7,92.0,7.44,"{'A': 1.98, 'B': 5.17, 'C': 0.6}",7.75,83.4,ns,101,high_demand,90.53,3,3600.7,0,,0.0729
50,"{'A': 0.0, 'B': 0.0, 'C': 0.0}",7,99.94,0.0,"{'A': 17, 'B': 61, 'C': 9}",87,395.1,95.1,6.468,"{'A': 0.0, 'B': 0.0, 'C': 0.0}",0.0,92.8,ns,85,high_demand,83.77,4,3600.1,0,,0.0743
48,"{'A': 0.0, 'B': 0.0, 'C': 0.0}",6,99.92,0.0,"{'A': 37, 'B': 62, 'C': 9}",108,482.9,91.3,7.698,"{'A': 0.0, 'B': 0.0, 'C': 0.0}",0.0,91.3,ns,108,high_demand,104.15,5,3600.3,0,,0.0713
57,"{'A': 0.0, 'B': 0.0, 'C': 0.0}",6,99.93,0.0,"{'A': 19, 'B': 36, 'C': 8}",63,320.8,83.8,6.806,"{'A': 0.0, 'B': 0.0, 'C': 0.0}",0.0,81.0,ns,67,high_demand,59.6,6,3600.6,0,,0.108
44,"{'A': 0.0, 'B': 162.1, 'C': 106.2}",5,99.93,0.0,"{'A': 37, 'B': 56, 'C': 8}",101,463.8,96.4,7.308,"{'A': 0.0, 'B': 2.7, 'C': 0.3}",3.0,88.2,ns,106,high_demand,94.35,7,3600.1,0,,0.0724
49,"{'A': 0.0, 'B': 86.0, 'C': 0.0}",5,99.93,0.0,"{'A': 37, 'B': 59, 'C': 8}",104,444.5,92.0,7.291,"{'A': 0.0, 'B': 1.43, 'C': 0.0}",1.43,90.2,ns,106,high_demand,98.92,8,3600.8,0,,0.0701
46,"{'A': 44.2, 'B': 77.7, 'C': 60.1}",5,99.93,0.0,"{'A': 40, 'B': 58, 'C': 8}",106,462.3,94.3,7.28,"{'A': 0.49, 'B': 1.29, 'C': 0.17}",1.95,88.4,ns,106,high_demand,100.41,9,3600.4,0,,0.0687
47,"{'A': 243.1, 'B': 258.8, 'C': 27.9}",3,99.93,0.0,"{'A': 34, 'B': 55, 'C': 10}",99,430.5,94.3,7.145,"{'A': 2.7, 'B': 4.31, 'C': 0.08}",7.09,86.9,ns,102,high_demand,88.34,10,3600.9,0,,0.0722
49,"{'A': 0.0, 'B': 15.5, 'C': 0.0}",7,99.93,0.0,"{'A': 38, 'B': 57, 'C': 9}",104,469.2,92.3,7.466,"{'A': 0.0, 'B': 0.26, 'C': 0.0}",0.26,92.3,ns,105,high_demand,100.01,11,3601.0,0,,0.0718
48,"{'A': 0.0, 'B': 0.0, 'C': 0.0}",6,99.93,0.0,"{'A': 40, 'B': 57, 'C': 10}",107,468.0,93.3,7.485,"{'A': 0.0, 'B': 0.0, 'C': 0.0}",0.0,92.8,ns,108,high_demand,103.26,12,3600.9,0,,0.07
54,"{'A': 0.0, 'B': 0.0, 'C': 0.0}",10,99.93,0.0,"{'A': 37, 'B': 40, 'C': 7}",84,414.9,92.7,6.585,"{'A': 0.0, 'B': 0.0, 'C': 0.0}",0.0,89.2,ns,90,high_demand,80.71,13,3600.9,0,,0.0784
49,"{'A': 0.0, 'B': 0.0, 'C': 0.0}",7,99.93,0.0,"{'A': 40, 'B': 59, 'C': 8}",107,454.2,92.9,7.282,"{'A': 0.0, 'B': 0.0, 'C': 0.0}",0.0,92.9,ns,107,high_demand,103.36,14,3600.7,0,,0.0681
46,"{'A': 0.0, 'B': 4.4, 'C': 124.1}",5,99.92,0.0,"{'A': 38, 'B': 59, 'C': 9}",106,476.9,92.7,7.535,"{'A': 0.0, 'B': 0.07, 'C': 0.34}",0.42,92.5,ns,106,high_demand,101.82,15,3600.9,0,,0.0711
49,"{'A': 0.0, 'B': 171.1, 'C': 0.0}",5,99.92,0.0,"{'A': 36, 'B': 54, 'C': 10}",100,466.7,90.2,7.552,"{'A': 0.0, 'B': 2.85, 'C': 0.0}",2.85,90.2,ns,100,high_demand,93.37,16,3600.7,0,,0.0755
47,"{'A': 0.0, 'B': 0.0, 'C': 0.0}",7,99.93,0.0,"{'A': 34, 'B': 56, 'C': 7}",97,423.3,99.3,6.752,"{'A': 0.0, 'B': 0.0, 'C': 0.0}",0.0,94.7,ns,105,high_demand,93.62,17,3600.5,0,,0.0696
48,"{'A': 0.0, 'B': 0.0, 'C': 0.0}",9,99.93,0.0,"{'A': 37, 'B': 38, 'C': 8}",83,406.8,100.0,6.669,"{'A': 0.0, 'B': 0.0, 'C': 0.0}",0.0,94.5,ns,93,high_demand,79.67,18,3601.0,0,,0.0804
48,"{'A': 0.0, 'B': 43.6, 'C': 0.0}",7,99.93,0.0,"{'A': 40, 'B': 55, 'C': 7}",102,448.6,94.9,7.205,"{'A': 0.0, 'B': 0.73, 'C': 0.0}",0.73,92.1,ns,105,high_demand,97.67,19,3600.3,0,,0.0706
54,"{'A': 910.9, 'B': 980.4, 'C': 227.6}",2,99.95,0.0,"{'A': 4, 'B': 21, 'C': 4}",29,154.9,37.0,5.178,"{'A': 5.06, 'B': 8.17, 'C': 0.32}",13.55,30.0,ns,34,low_battery_start,12.86,0,3600.2,0,,0.1786
53,"{'A': 317.9, 'B': 758.6, 'C': 1660.3}",2,99.94,0.0,"{'A': 13, 'B': 21, 'C': 3}",37,166.6,24.6,5.92,"{'A': 1.77, 'B': 6.32, 'C': 2.31}",10.39,24.6,ns,45,low_battery_start,23.65,1,3600.1,0,,0.16
54,"{'A': 389.5, 'B': 657.4, 'C': 1339.6}",2,99.94,0.0,"{'A': 12, 'B': 21, 'C': 3}",36,147.3,24.2,5.785,"{'A': 2.16, 'B': 5.48, 'C': 1.86}",9.5,24.2,ns,42,low_battery_start,23.6,2,3600.7,0,,0.1607
54,"{'A': 119.2, 'B': 719.5, 'C': 1297.6}",2,99.94,0.0,"{'A': 12, 'B': 21, 'C': 3}",36,147.3,22.9,5.855,"{'A': 0.66, 'B': 6.0, 'C': 1.8}",8.46,22.9,ns,44,low_battery_start,24.61,3,3600.7,0,,0.1626
40,"{'A': 405.4, 'B': 155.8, 'C': 304.8}",2,99.95,0.0,"{'A': 10, 'B': 24, 'C': 3}",37,160.0,37.9,5.119,"{'A': 2.25, 'B': 1.3, 'C': 0.42}",3.97,16.7,ns,39,low_battery_start,30.47,4,3600.3,0,,0.1384
54,"{'A': 320.5, 'B': 765.8, 'C': 1614.1}",2,99.94,0.0,"{'A': 12, 'B': 21, 'C': 3}",36,147.3,26.1,5.685,"{'A': 1.78, 'B': 6.38, 'C': 2.24}",10.4,26.1,ns,43,low_battery_start,22.75,5,3600.7,0,,0.1579
54,"{'A': 151.5, 'B': 0.0, 'C': 697.5}",2,99.95,0.0,"{'A': 10, 'B': 18, 'C': 3}",31,100.7,28.0,5.255,"{'A': 0.84, 'B': 0.0, 'C': 0.97}",1.81,28.0,ns,32,low_battery_start,26.56,6,3600.3,0,,0.1695
54,"{'A': 217.5, 'B': 657.3, 'C': 1441.4}",2,99.94,0.0,"{'A': 12, 'B': 21, 'C': 3}",36,147.3,26.1,5.685,"{'A': 1.21, 'B': 5.48, 'C': 2.0}",8.69,26.1,ns,43,low_battery_start,24.47,7,3600.7,0,,0.1579
54,"{'A': 271.0, 'B': 653.5, 'C': 1507.3}",2,99.94,0.0,"{'A': 12, 'B': 21, 'C': 3}",36,147.3,22.3,5.885,"{'A': 1.51, 'B': 5.45, 'C': 2.09}",9.04,22.3,ns,43,low_battery_start,24.01,8,3600.7,0,,0.1635
52,"{'A': 0.0, 'B': 0.0, 'C': 0.0}",5,99.94,0.0,"{'A': 19, 'B': 31, 'C': 5}",55,260.7,33.0,5.758,"{'A': 0.0, 'B': 0.0, 'C': 0.0}",0.0,30.0,ns,54,low_battery_start,52.12,9,3600.6,0,,0.1047
54,"{'A': 191.4, 'B': 786.3, 'C': 1249.1}",2,99.94,0.0,"{'A': 12, 'B': 21, 'C': 3}",36,147.3,26.1,5.685,"{'A': 1.06, 'B': 6.55, 'C': 1.73}",9.35,26.1,ns,44,low_battery_start,23.81,10,3600.7,0,,0.1579
53,"{'A': 546.6, 'B': 509.2, 'C': 536.0}",2,99.94,0.0,"{'A': 11, 'B': 24, 'C': 3}",38,160.5,22.3,6.017,"{'A': 3.04, 'B': 4.24, 'C': 0.74}",8.02,22.3,ns,46,low_battery_start,26.97,11,3600.6,0,,0.1584
54,"{'A': 237.7, 'B': 709.7, 'C': 1399.7}",2,99.94,0.0,"{'A': 12, 'B': 21, 'C': 3}",36,147.3,26.1,5.685,"{'A': 1.32, 'B': 5.91, 'C': 1.94}",9.18,26.1,ns,41,low_battery_start,23.98,12,3600.7,0,,0.1579
54,"{'A': 148.2, 'B': 0.0, 'C': 825.1}",2,99.94,0.0,"{'A': 19, 'B': 17, 'C': 3}",39,130.8,24.6,5.585,"{'A': 0.82, 'B': 0.0, 'C': 1.15}",1.97,24.6,ns,41,low_battery_start,34.24,13,3600.3,0,,0.1432
41,"{'A': 1062.5, 'B': 614.9, 'C': 1041.3}",2,99.95,0.0,"{'A': 10, 'B': 22, 'C': 3}",35,138.8,36.5,5.094,"{'A': 5.9, 'B': 5.12, 'C': 1.45}",12.47,16.8,ns,43,low_battery_start,19.98,14,3600.8,0,,0.1456
41,"{'A': 1062.0, 'B': 551.8, 'C': 1146.7}",2,99.95,0.0,"{'A': 10, 'B': 22, 'C': 3}",35,138.8,36.5,5.094,"{'A': 5.9, 'B': 4.6, 'C': 1.59}",12.09,16.8,ns,42,low_battery_start,20.36,15,3600.8,0,,0.1456
54,"{'A': 339.4, 'B': 830.1, 'C': 1335.9}",2,99.94,0.0,"{'A': 12, 'B': 21, 'C': 3}",36,147.3,26.1,5.685,"{'A': 1.89, 'B': 6.92, 'C': 1.86}",10.66,26.1,ns,42,low_battery_start,22.5,16,3600.7,0,,0.1579
41,"{'A': 1045.7, 'B': 503.4, 'C': 1332.0}",2,99.95,0.0,"{'A': 10, 'B': 22, 'C': 3}",35,138.8,36.5,5.094,"{'A': 5.81, 'B': 4.2, 'C': 1.85}",11.85,16.8,ns,42,low_battery_start,20.6,17,3600.8,0,,0.1456
53,"{'A': 330.3, 'B': 200.1, 'C': 1707.0}",2,99.94,0.0,"{'A': 18, 'B': 14, 'C': 3}",35,160.8,25.4,5.826,"{'A': 1.84, 'B': 1.67, 'C': 2.37}",5.87,25.4,ns,41,low_battery_start,26.21,18,3600.2,0,,0.1665
54,"{'A': 143.2, 'B': 700.7, 'C': 1179.7}",2,99.94,0.0,"{'A': 13, 'B': 21, 'C': 3}",37,166.6,23.3,5.989,"{'A': 0.8, 'B': 5.84, 'C': 1.64}",8.27,23.3,ns,46,low_battery_start,25.73,19,3600.1,0,,0.1619
54,"{'A': 0.0, 'B': 0.0, 'C': 0.0}",10,99.95,0.0,"{'A': 14, 'B': 62, 'C': 4}",80,346.2,98.0,5.244,"{'A': 0.0, 'B': 0.0, 'C': 0.0}",0.0,96.4,ns,79,one_hot_section,77.38,0,3600.7,0,,0.0655
51,"{'A': 0.0, 'B': 0.0, 'C': 0.0}",10,99.94,0.0,"{'A': 20, 'B': 58, 'C': 3}",81,409.2,97.0,5.919,"{'A': 0.0, 'B': 0.0, 'C': 0.0}",0.0,95.8,ns,82,one_hot_section,78.04,1,3600.2,0,,0.0731
51,"{'A': 0.0, 'B': 0.0, 'C': 0.0}",11,99.94,0.0,"{'A': 17, 'B': 60, 'C': 4}",81,382.3,99.9,5.592,"{'A': 0.0, 'B': 0.0, 'C': 0.0}",0.0,94.4,ns,85,one_hot_section,78.2,2,3600.3,0,,0.069
51,"{'A': 0.0, 'B': 0.0, 'C': 0.0}",9,99.95,0.0,"{'A': 17, 'B': 56, 'C': 3}",76,362.2,99.8,5.426,"{'A': 0.0, 'B': 0.0, 'C': 0.0}",0.0,94.8,ns,81,one_hot_section,73.29,3,3600.7,0,,0.0714
54,"{'A': 0.0, 'B': 0.0, 'C': 0.0}",10,99.94,0.0,"{'A': 9, 'B': 59, 'C': 4}",72,363.2,96.2,5.569,"{'A': 0.0, 'B': 0.0, 'C': 0.0}",0.0,96.2,ns,73,one_hot_section,69.22,4,3600.3,0,,0.0773
50,"{'A': 0.0, 'B': 0.0, 'C': 0.0}",11,99.94,0.0,"{'A': 19, 'B': 60, 'C': 4}",83,405.9,99.2,5.913,"{'A': 0.0, 'B': 0.0, 'C': 0.0}",0.0,96.0,ns,85,one_hot_section,80.04,5,3600.8,0,,0.0712
56,"{'A': 0.0, 'B': 0.0, 'C': 0.0}",4,99.95,0.0,"{'A': 10, 'B': 37, 'C': 4}",51,287.3,89.1,4.767,"{'A': 0.0, 'B': 0.0, 'C': 0.0}",0.0,89.1,ns,53,one_hot_section,48.62,6,3600.8,0,,0.0935
51,"{'A': 0.0, 'B': 0.0, 'C': 0.0}",10,99.94,0.0,"{'A': 19, 'B': 57, 'C': 3}",79,365.5,98.3,5.681,"{'A': 0.0, 'B': 0.0, 'C': 0.0}",0.0,96.3,ns,80,one_hot_section,76.16,7,3600.2,0,,0.0719
54,"{'A': 0.0, 'B': 0.0, 'C': 0.0}",10,99.94,0.0,"{'A': 20, 'B': 62, 'C': 3}",85,387.4,94.3,5.66,"{'A': 0.0, 'B': 0.0, 'C': 0.0}",0.0,94.3,ns,85,one_hot_section,82.17,8,3600.2,0,,0.0666
51,"{'A': 0.0, 'B': 0.0, 'C': 0.0}",10,99.94,0.0,"{'A': 19, 'B': 59, 'C': 4}",82,380.2,98.6,5.904,"{'A': 0.0, 'B': 0.0, 'C': 0.0}",0.0,96.4,ns,83,one_hot_section,79.05,9,3600.8,0,,0.072
52,"{'A': 0.0, 'B': 0.0, 'C': 0.0}",8,99.94,0.0,"{'A': 20, 'B': 59, 'C': 4}",83,401.5,93.6,6.023,"{'A': 0.0, 'B': 0.0, 'C': 0.0}",0.0,93.6,ns,87,one_hot_section,79.99,10,3600.5,0,,0.0726
50,"{'A': 0.0, 'B': 0.0, 'C': 0.0}",9,99.94,0.0,"{'A': 17, 'B': 55, 'C': 4}",76,377.2,99.4,5.784,"{'A': 0.0, 'B': 0.0, 'C': 0.0}",0.0,94.5,ns,83,one_hot_section,73.11,11,3600.3,0,,0.0761
51,"{'A': 0.0, 'B': 0.0, 'C': 0.0}",11,99.94,0.0,"{'A': 20, 'B': 61, 'C': 3}",84,419.0,97.5,6.042,"{'A': 0.0, 'B': 0.0, 'C': 0.0}",0.0,96.6,ns,84,one_hot_section,80.98,12,3600.3,0,,0.0719
60,"{'A': 0.0, 'B': 0.0, 'C': 0.0}",5,99.93,0.0,"{'A': 19, 'B': 39, 'C': 4}",62,328.8,78.2,6.674,"{'A': 0.0, 'B': 0.0, 'C': 0.0}",0.0,77.0,ns,64,one_hot_section,58.66,13,3600.2,0,,0.1076
52,"{'A': 0.0, 'B': 0.0, 'C': 0.0}",10,99.94,0.0,"{'A': 20, 'B': 60, 'C': 3}",83,391.9,96.5,5.735,"{'A': 0.0, 'B': 0.0, 'C': 0.0}",0.0,94.6,ns,85,one_hot_section,80.13,14,3600.9,0,,0.0691
53,"{'A': 0.0, 'B': 0.0, 'C': 0.0}",13,99.94,0.0,"{'A': 19, 'B': 56, 'C': 3}",78,399.0,100.0,5.698,"{'A': 0.0, 'B': 0.0, 'C': 0.0}",0.0,96.7,ns,81,one_hot_section,75.15,15,3600.2,0,,0.073
53,"{'A': 0.0, 'B': 0.0, 'C': 0.0}",10,99.94,0.0,"{'A': 20, 'B': 55, 'C': 4}",79,384.0,95.0,5.702,"{'A': 0.0, 'B': 0.0, 'C': 0.0}",0.0,93.5,ns,76,one_hot_section,76.15,16,3600.7,0,,0.0722
52,"{'A': 0.0, 'B': 0.0, 'C': 0.0}",9,99.94,0.0,"{'A': 19, 'B': 60, 'C': 2}",81,399.3,94.6,6.018,"{'A': 0.0, 'B': 0.0, 'C': 0.0}",0.0,94.6,ns,84,one_hot_section,77.99,17,3600.8,0,,0.0743
54,"{'A': 0.0, 'B': 0.0, 'C': 0.0}",7,99.94,0.0,"{'A': 18, 'B': 42, 'C': 4}",64,322.2,92.4,5.7,"{'A': 0.0, 'B': 0.0, 'C': 0.0}",0.0,90.3,ns,66,one_hot_section,61.15,18,3600.3,0,,0.0891
50,"{'A': 0.0, 'B': 0.0, 'C': 0.0}",11,99.94,0.0,"{'A': 18, 'B': 55, 'C': 4}",77,413.9,99.3,6.033,"{'A': 0.0, 'B': 0.0, 'C': 0.0}",0.0,95.8,ns,82,one_hot_section,73.98,19,3600.3,0,,0.0783
49,"{'A': 0.0, 'B': 0.0, 'C': 0.0}",2,44.94,0.0,"{'A': 10, 'B': 25, 'C': 2}",37,184.2,92.4,5.673,"{'A': 0.0, 'B': 0.0, 'C': 0.0}",0.0,77.7,ns,48,worn_robot,34.16,0,3600.3,0,,0.1533
61,"{'A': 0.0, 'B': 0.0, 'C': 0.0}",2,44.93,0.0,"{'A': 15, 'B': 30, 'C': 3}",48,217.2,72.2,6.815,"{'A': 0.0, 'B': 0.0, 'C': 0.0}",0.0,72.2,ns,54,worn_robot,44.59,1,3600.8,0,,0.142
51,"{'A': 0.0, 'B': 0.0, 'C': 0.0}",9,44.94,0.0,"{'A': 20, 'B': 27, 'C': 2}",49,374.1,97.4,6.213,"{'A': 0.0, 'B': 0.0, 'C': 0.0}",0.0,92.5,ns,53,worn_robot,45.89,2,3600.1,0,,0.1268
55,"{'A': 0.0, 'B': 0.0, 'C': 0.0}",3,44.94,0.0,"{'A': 18, 'B': 26, 'C': 3}",47,238.2,83.6,6.396,"{'A': 0.0, 'B': 0.0, 'C': 0.0}",0.0,74.6,ns,53,worn_robot,43.8,3,3600.8,0,,0.1361
55,"{'A': 0.0, 'B': 0.0, 'C': 0.0}",3,44.94,0.0,"{'A': 9, 'B': 27, 'C': 4}",40,194.8,87.1,5.9,"{'A': 0.0, 'B': 0.0, 'C': 0.0}",0.0,76.9,ns,42,worn_robot,37.05,4,3600.5,0,,0.1475
60,"{'A': 0.0, 'B': 0.0, 'C': 0.0}",2,44.93,0.0,"{'A': 18, 'B': 30, 'C': 4}",52,224.8,71.2,7.102,"{'A': 0.0, 'B': 0.0, 'C': 0.0}",0.0,71.2,ns,53,worn_robot,48.45,5,3600.4,0,,0.1366
59,"{'A': 0.0, 'B': 0.0, 'C': 0.0}",1,44.93,0.0,"{'A': 9, 'B': 14, 'C': 3}",26,171.4,73.1,6.669,"{'A': 0.0, 'B': 0.0, 'C': 0.0}",0.0,73.1,ns,32,worn_robot,22.67,6,3600.4,0,,0.2565
55,"{'A': 0.0, 'B': 0.0, 'C': 0.0}",2,44.93,0.0,"{'A': 17, 'B': 28, 'C': 4}",49,223.4,80.8,6.582,"{'A': 0.0, 'B': 0.0, 'C': 0.0}",0.0,73.5,ns,53,worn_robot,45.71,7,3600.9,0,,0.1343
52,"{'A': 0.0, 'B': 0.0, 'C': 0.0}",3,44.94,0.0,"{'A': 16, 'B': 25, 'C': 4}",45,225.6,87.1,6.279,"{'A': 0.0, 'B': 0.0, 'C': 0.0}",0.0,75.1,ns,52,worn_robot,41.86,8,3600.4,0,,0.1395
57,"{'A': 34.1, 'B': 0.0, 'C': 138.0}",2,44.93,0.0,"{'A': 14, 'B': 28, 'C': 4}",46,261.2,72.8,7.371,"{'A': 0.19, 'B': 0.0, 'C': 0.19}",0.38,69.9,ns,52,worn_robot,41.93,9,3600.8,0,,0.1602
48,"{'A': 0.0, 'B': 0.0, 'C': 0.0}",8,44.94,0.0,"{'A': 20, 'B': 28, 'C': 4}",52,344.1,98.9,6.326,"{'A': 0.0, 'B': 0.0, 'C': 0.0}",0.0,93.8,ns,54,worn_robot,48.84,10,3600.3,0,,0.1217
62,"{'A': 0.0, 'B': 0.0, 'C': 0.0}",2,44.93,0.0,"{'A': 14, 'B': 26, 'C': 4}",44,217.1,71.8,6.911,"{'A': 0.0, 'B': 0.0, 'C': 0.0}",0.0,71.8,ns,52,worn_robot,40.54,11,3600.7,0,,0.1571
58,"{'A': 0.0, 'B': 98.6, 'C': 113.7}",2,44.93,0.0,"{'A': 15, 'B': 29, 'C': 4}",48,237.4,76.0,6.98,"{'A': 0.0, 'B': 0.82, 'C': 0.16}",0.98,71.7,ns,54,worn_robot,43.53,12,3600.7,0,,0.1454
58,"{'A': 0.0, 'B': 11.4, 'C': 0.0}",2,44.93,0.0,"{'A': 16, 'B': 19, 'C': 2}",37,215.4,73.3,7.073,"{'A': 0.0, 'B': 0.09, 'C': 0.0}",0.09,71.3,ns,44,worn_robot,33.37,13,3600.2,0,,0.1912
58,"{'A': 0.0, 'B': 0.0, 'C': 42.7}",3,44.93,0.0,"{'A': 16, 'B': 25, 'C': 4}",45,219.7,79.8,6.532,"{'A': 0.0, 'B': 0.0, 'C': 0.06}",0.06,73.5,ns,52,worn_robot,41.67,14,3600.3,0,,0.1452
57,"{'A': 11.9, 'B': 100.7, 'C': 91.8}",2,44.93,0.0,"{'A': 14, 'B': 28, 'C': 4}",46,242.7,74.3,7.118,"{'A': 0.07, 'B': 0.84, 'C': 0.13}",1.03,71.1,ns,52,worn_robot,41.41,15,3600.3,0,,0.1547
54,"{'A': 0.0, 'B': 0.0, 'C': 0.0}",3,44.94,0.0,"{'A': 17, 'B': 27, 'C': 3}",47,225.6,84.3,6.256,"{'A': 0.0, 'B': 0.0, 'C': 0.0}",0.0,75.2,ns,50,worn_robot,43.87,16,3600.4,0,,0.1331
51,"{'A': 0.0, 'B': 0.0, 'C': 0.0}",7,44.94,0.0,"{'A': 20, 'B': 28, 'C': 2}",50,373.3,94.3,6.399,"{'A': 0.0, 'B': 0.0, 'C': 0.0}",0.0,92.2,ns,53,worn_robot,46.8,17,3600.2,0,,0.128
61,"{'A': 0.0, 'B': 0.0, 'C': 0.0}",2,44.93,0.0,"{'A': 20, 'B': 22, 'C': 5}",47,240.4,70.7,7.258,"{'A': 0.0, 'B': 0.0, 'C': 0.0}",0.0,70.7,ns,47,worn_robot,43.37,18,3600.4,0,,0.1544
48,"{'A': 0.0, 'B': 0.0, 'C': 0.0}",5,44.94,0.0,"{'A': 16, 'B': 27, 'C': 4}",47,307.6,98.1,6.078,"{'A': 0.0, 'B': 0.0, 'C': 0.0}",0.0,90.9,ns,53,worn_robot,43.96,19,3600.7,0,,0.1293
42,"{'A': 0.0, 'B': 0.0, 'C': 572.3}",5,99.93,0.0,"{'A': 14, 'B': 31, 'C': 1}",46,470.3,94.8,7.07,"{'A': 0.0, 'B': 0.0, 'C': 0.79}",0.79,88.2,ns_neural_only,48,balanced,41.67,0,3601.0,0,,0.1537
39,"{'A': 0.0, 'B': 0.0, 'C': 0.0}",5,99.93,0.0,"{'A': 18, 'B': 29, 'C': 4}",51,480.0,99.7,7.185,"{'A': 0.0, 'B': 0.0, 'C': 0.0}",0.0,86.7,ns_neural_only,53,balanced,47.41,1,3600.8,0,,0.1409
40,"{'A': 0.0, 'B': 0.0, 'C': 0.0}",7,99.92,0.0,"{'A': 17, 'B': 29, 'C': 4}",50,511.6,96.7,7.57,"{'A': 0.0, 'B': 0.0, 'C': 0.0}",0.0,88.4,ns_neural_only,50,balanced,46.22,2,3600.7,0,,0.1514
46,"{'A': 0.0, 'B': 0.0, 'C': 763.8}",6,99.93,0.0,"{'A': 19, 'B': 30, 'C': 3}",52,459.2,89.8,7.261,"{'A': 0.0, 'B': 0.0, 'C': 1.06}",1.06,87.6,ns_neural_only,52,balanced,47.31,3,3600.4,0,,0.1396
51,"{'A': 0.0, 'B': 0.0, 'C': 1154.4}",8,99.94,0.0,"{'A': 9, 'B': 31, 'C': 3}",43,393.0,92.9,6.034,"{'A': 0.0, 'B': 0.0, 'C': 1.6}",1.6,92.3,ns_neural_only,41,balanced,38.38,4,3600.7,0,,0.1403
44,"{'A': 0.0, 'B': 83.9, 'C': 0.0}",5,99.93,0.0,"{'A': 21, 'B': 29, 'C': 4}",54,457.3,94.8,7.128,"{'A': 0.0, 'B': 0.7, 'C': 0.0}",0.7,87.5,ns_neural_only,54,balanced,49.74,5,3600.5,0,,0.132
48,"{'A': 0.0, 'B': 0.0, 'C': 0.0}",4,99.93,0.0,"{'A': 9, 'B': 19, 'C': 4}",32,402.3,87.4,6.981,"{'A': 0.0, 'B': 0.0, 'C': 0.0}",0.0,87.4,ns_neural_only,33,balanced,28.51,6,3600.5,0,,0.2182
44,"{'A': 0.0, 'B': 138.3, 'C': 0.0}",8,99.93,0.0,"{'A': 20, 'B': 30, 'C': 4}",54,470.7,98.8,6.801,"{'A': 0.0, 'B': 1.15, 'C': 0.0}",1.15,90.7,ns_neural_only,55,balanced,49.45,7,3600.9,0,,0.1259
50,"{'A': 0.0, 'B': 0.0, 'C': 1080.4}",6,99.93,0.0,"{'A': 20, 'B': 30, 'C': 3}",53,441.7,86.4,7.018,"{'A': 0.0, 'B': 0.0, 'C': 1.5}",1.5,86.4,ns_neural_only,51,balanced,47.99,8,3600.5,0,,0.1324
44,"{'A': 0.0, 'B': 258.1, 'C': 0.0}",6,99.93,0.0,"{'A': 20, 'B': 29, 'C': 4}",53,461.0,95.8,6.806,"{'A': 0.0, 'B': 2.15, 'C': 0.0}",2.15,88.3,ns_neural_only,52,balanced,47.45,9,3600.1,0,,0.1284
48,"{'A': 0.0, 'B': 209.7, 'C': 662.1}",3,99.93,0.0,"{'A': 20, 'B': 29, 'C': 1}",50,434.7,85.9,7.196,"{'A': 0.0, 'B': 1.75, 'C': 0.92}",2.67,85.9,ns_neural_only,51,balanced,43.73,10,3600.7,0,,0.1439
45,"{'A': 0.0, 'B': 0.0, 'C': 880.3}",6,99.93,0.0,"{'A': 21, 'B': 30, 'C': 1}",52,476.0,93.3,6.927,"{'A': 0.0, 'B': 0.0, 'C': 1.22}",1.22,91.2,ns_neural_only,54,balanced,47.31,11,3600.5,0,,0.1332
46,"{'A': 0.0, 'B': 0.0, 'C': 927.2}",4,99.93,0.0,"{'A': 19, 'B': 30, 'C': 4}",53,417.3,90.7,7.014,"{'A': 0.0, 'B': 0.0, 'C': 1.29}",1.29,86.8,ns_neural_only,54,balanced,48.21,12,3600.9,0,,0.1323
46,"{'A': 0.0, 'B': 0.0, 'C': 137.4}",5,99.93,0.0,"{'A': 20, 'B': 19, 'C': 4}",43,391.4,94.4,6.693,"{'A': 0.0, 'B': 0.0, 'C': 0.19}",0.19,90.9,ns_neural_only,45,balanced,39.46,13,3600.6,0,,0.1557
48,"{'A': 0.0, 'B': 0.0, 'C': 1337.9}",6,99.94,0.0,"{'A': 19, 'B': 31, 'C': 0}",50,434.8,91.4,6.464,"{'A': 0.0, 'B': 0.0, 'C': 1.86}",1.86,91.4,ns_neural_only,52,balanced,44.91,14,3600.8,0,,0.1293
44,"{'A': 0.0, 'B': 0.0, 'C': 236.1}",7,99.93,0.0,"{'A': 20, 'B': 31, 'C': 4}",55,464.8,96.2,6.873,"{'A': 0.0, 'B': 0.0, 'C': 0.33}",0.33,88.3,ns_neural_only,55,balanced,51.24,15,3600.7,0,,0.125
41,"{'A': 0.0, 'B': 70.5, 'C': 0.0}",7,99.93,0.0,"{'A': 18, 'B': 28, 'C': 4}",50,470.8,99.6,6.846,"{'A': 0.0, 'B': 0.59, 'C': 0.0}",0.59,86.2,ns_neural_only,49,balanced,45.99,16,3600.2,0,,0.1369
39,"{'A': 0.0, 'B': 0.0, 'C': 0.0}",6,99.93,0.0,"{'A': 20, 'B': 27, 'C': 2}",49,505.6,98.1,7.382,"{'A': 0.0, 'B': 0.0, 'C': 0.0}",0.0,87.7,ns_neural_only,52,balanced,45.31,17,3600.4,0,,0.1507
40,"{'A': 0.0, 'B': 0.0, 'C': 0.0}",3,99.93,0.0,"{'A': 21, 'B': 21, 'C': 3}",45,432.4,97.7,7.0,"{'A': 0.0, 'B': 0.0, 'C': 0.0}",0.0,85.7,ns_neural_only,46,balanced,41.5,18,3600.6,0,,0.1556
48,"{'A': 0.0, 'B': 0.0, 'C': 1125.3}",7,99.93,0.0,"{'A': 19, 'B': 29, 'C': 3}",51,451.3,89.2,7.189,"{'A': 0.0, 'B': 0.0, 'C': 1.56}",1.56,87.5,ns_neural_only,51,balanced,45.84,19,3600.3,0,,0.141
57,"{'A': 0.0, 'B': 0.0, 'C': 668.9}",2,99.94,0.0,"{'A': 10, 'B': 14, 'C': 0}",24,248.1,79.0,5.734,"{'A': 0.0, 'B': 0.0, 'C': 0.93}",0.93,79.0,ns_neural_only,26,fault_burst,20.2,0,3600.2,0,,0.2389
56,"{'A': 0.0, 'B': 0.0, 'C': 482.0}",1,99.95,0.0,"{'A': 15, 'B': 24, 'C': 0}",39,241.3,86.4,5.434,"{'A': 0.0, 'B': 0.0, 'C': 0.67}",0.67,86.4,ns_neural_only,42,fault_burst,35.61,1,3600.6,0,,0.1393
64,"{'A': 0.0, 'B': 1124.1, 'C': 0.0}",0,99.96,0.0,"{'A': 15, 'B': 10, 'C': 3}",28,117.2,83.9,3.532,"{'A': 0.0, 'B': 7.46, 'C': 0.0}",7.46,83.9,ns_neural_only,27,fault_burst,18.78,2,3600.5,0,,0.1262
60,"{'A': 1245.3, 'B': 0.0, 'C': 0.0}",1,99.97,0.0,"{'A': 8, 'B': 17, 'C': 2}",27,154.0,88.8,3.24,"{'A': 5.51, 'B': 0.0, 'C': 0.0}",5.51,85.3,ns_neural_only,26,fault_burst,19.87,3,3600.8,0,,0.12
61,"{'A': 80.6, 'B': 1042.3, 'C': 0.0}",0,99.96,0.0,"{'A': 9, 'B': 13, 'C': 2}",24,114.5,80.3,4.325,"{'A': 0.36, 'B': 6.91, 'C': 0.0}",7.27,80.3,ns_neural_only,22,fault_burst,14.57,4,3600.7,0,,0.1802
62,"{'A': 1297.4, 'B': 105.1, 'C': 0.0}",0,99.96,0.0,"{'A': 9, 'B': 17, 'C': 3}",29,152.4,82.5,3.85,"{'A': 7.21, 'B': 0.88, 'C': 0.0}",8.08,82.5,ns_neural_only,27,fault_burst,18.99,5,3600.7,0,,0.1328
61,"{'A': 0.0, 'B': 17.7, 'C': 150.5}",0,99.98,0.0,"{'A': 7, 'B': 11, 'C': 1}",19,73.4,91.5,1.866,"{'A': 0.0, 'B': 0.15, 'C': 0.17}",0.31,91.5,ns_neural_only,25,fault_burst,17.75,6,3600.2,0,,0.0982
62,"{'A': 795.7, 'B': 511.2, 'C': 0.0}",0,99.95,0.0,"{'A': 8, 'B': 18, 'C': 3}",29,90.2,79.4,4.54,"{'A': 3.52, 'B': 3.38, 'C': 0.0}",6.91,79.4,ns_neural_only,27,fault_burst,19.82,7,3600.3,0,,0.1565
61,"{'A': 1161.4, 'B': 846.8, 'C': 0.0}",0,99.95,0.0,"{'A': 8, 'B': 18, 'C': 2}",28,94.2,78.9,4.649,"{'A': 5.14, 'B': 5.6, 'C': 0.0}",10.74,78.9,ns_neural_only,28,fault_burst,14.93,8,3600.5,0,,0.166
65,"{'A': 0.0, 'B': 1092.7, 'C': 0.0}",0,99.95,0.0,"{'A': 16, 'B': 10, 'C': 1}",27,89.5,75.9,5.311,"{'A': 0.0, 'B': 7.45, 'C': 0.0}",7.45,75.9,ns_neural_only,28,fault_burst,16.89,9,3600.4,0,,0.1967
61,"{'A': 1528.0, 'B': 962.1, 'C': 0.0}",0,99.97,0.0,"{'A': 9, 'B': 10, 'C': 3}",22,99.9,86.5,2.967,"{'A': 6.76, 'B': 6.38, 'C': 0.0}",13.14,86.5,ns_neural_only,20,fault_burst,7.37,10,3600.3,0,,0.1349
52,"{'A': 0.0, 'B': 0.0, 'C': 0.0}",4,99.95,0.0,"{'A': 12, 'B': 21, 'C': 2}",35,287.9,94.1,4.842,"{'A': 0.0, 'B': 0.0, 'C': 0.0}",0.0,91.3,ns_neural_only,35,fault_burst,32.58,11,3600.3,0,,0.1383
64,"{'A': 1195.0, 'B': 175.6, 'C': 0.0}",0,99.95,0.0,"{'A': 8, 'B': 21, 'C': 2}",31,152.4,77.6,4.924,"{'A': 6.64, 'B': 1.16, 'C': 0.0}",7.8,77.6,ns_neural_only,32,fault_burst,20.73,12,3600.9,0,,0.1588
62,"{'A': 0.0, 'B': 833.3, 'C': 507.1}",0,99.95,0.0,"{'A': 14, 'B': 15, 'C': 0}",29,140.6,78.9,4.637,"{'A': 0.0, 'B': 6.94, 'C': 0.56}",7.51,78.9,ns_neural_only,32,fault_burst,19.18,13,3600.4,0,,0.1599
62,"{'A': 0.0, 'B': 88.3, 'C': 588.2}",0,99.95,0.0,"{'A': 12, 'B': 22, 'C': 0}",34,175.6,75.4,5.407,"{'A': 0.0, 'B': 0.59, 'C': 0.82}",1.4,75.4,ns_neural_only,35,fault_burst,29.89,14,3600.3,0,,0.159
61,"{'A': 776.9, 'B': 585.1, 'C': 559.5}",1,99.96,0.0,"{'A': 12, 'B': 12, 'C': 0}",24,157.0,82.2,4.237,"{'A': 4.32, 'B': 3.88, 'C': 0.62}",8.82,82.2,ns_neural_only,27,fault_burst,13.06,15,3600.5,0,,0.1765
60,"{'A': 1056.7, 'B': 322.2, 'C': 0.0}",0,99.95,0.0,"{'A': 8, 'B': 12, 'C': 2}",22,129.9,79.5,4.514,"{'A': 4.71, 'B': 2.14, 'C': 0.0}",6.85,79.5,ns_neural_only,27,fault_burst,12.9,16,3600.2,0,,0.2052
65,"{'A': 0.0, 'B': 1523.1, 'C': 0.0}",1,99.95,0.0,"{'A': 12, 'B': 13, 'C': 3}",28,155.5,77.5,5.059,"{'A': 0.0, 'B': 12.69, 'C': 0.0}",12.69,77.0,ns_neural_only,26,fault_burst,12.78,17,3600.7,0,,0.1807
62,"{'A': 1840.7, 'B': 0.0, 'C': 0.0}",0,99.96,0.0,"{'A': 8, 'B': 15, 'C': 2}",25,136.1,80.3,4.327,"{'A': 8.15, 'B': 0.0, 'C': 0.0}",8.15,80.3,ns_neural_only,24,fault_burst,14.69,18,3600.0,0,,0.1731
61,"{'A': 0.0, 'B': 1108.5, 'C': 0.0}",0,99.95,0.0,"{'A': 11, 'B': 13, 'C': 2}",26,121.8,78.3,4.763,"{'A': 0.0, 'B': 7.99, 'C': 0.0}",7.99,78.3,ns_neural_only,24,fault_burst,15.62,19,3600.4,0,,0.1832
48,"{'A': 0.2, 'B': 328.1, 'C': 478.9}",5,99.94,0.0,"{'A': 22, 'B': 48, 'C': 6}",76,351.8,99.7,6.074,"{'A': 0.0, 'B': 5.47, 'C': 1.33}",6.8,83.4,ns_neural_only,94,high_demand,66.16,0,3600.1,0,,0.0799
47,"{'A': 0.0, 'B': 71.9, 'C': 0.0}",5,99.93,0.0,"{'A': 39, 'B': 54, 'C': 8}",101,450.9,93.7,7.296,"{'A': 0.0, 'B': 1.2, 'C': 0.0}",1.2,91.1,ns_neural_only,106,high_demand,96.15,1,3600.1,0,,0.0722
49,"{'A': 0.0, 'B': 0.0, 'C': 30.1}",6,99.93,0.0,"{'A': 37, 'B': 57, 'C': 9}",103,449.3,93.3,7.259,"{'A': 0.0, 'B': 0.0, 'C': 0.08}",0.08,91.5,ns_neural_only,106,high_demand,99.29,2,3600.2,0,,0.0705
49,"{'A': 7.6, 'B': 4.2, 'C': 0.0}",6,99.93,0.0,"{'A': 40, 'B': 57, 'C': 9}",106,451.9,92.5,7.276,"{'A': 0.08, 'B': 0.07, 'C': 0.0}",0.16,92.5,ns_neural_only,108,high_demand,102.21,3,3600.6,0,,0.0686
52,"{'A': 0.0, 'B': 0.0, 'C': 934.8}",6,99.93,0.0,"{'A': 17, 'B': 61, 'C': 4}",82,423.0,89.2,7.116,"{'A': 0.0, 'B': 0.0, 'C': 2.6}",2.6,89.2,ns_neural_only,84,high_demand,75.85,4,3600.6,0,,0.0868
50,"{'A': 0.0, 'B': 20.9, 'C': 666.9}",5,99.93,0.0,"{'A': 37, 'B': 57, 'C': 6}",100,411.2,90.5,7.294,"{'A': 0.0, 'B': 0.35, 'C': 1.85}",2.2,86.3,ns_neural_only,107,high_demand,94.15,5,3600.3,0,,0.0729
58,"{'A': 0.0, 'B': 514.0, 'C': 0.0}",5,99.93,0.0,"{'A': 21, 'B': 29, 'C': 8}",58,328.4,80.0,7.022,"{'A': 0.0, 'B': 8.57, 'C': 0.0}",8.57,80.0,ns_neural_only,58,high_demand,45.92,6,3600.9,0,,0.1211
47,"{'A': 0.0, 'B': 32.7, 'C': 298.0}",7,99.93,0.0,"{'A': 36, 'B': 58, 'C': 8}",102,436.8,97.3,7.011,"{'A': 0.0, 'B': 0.54, 'C': 0.83}",1.37,92.5,ns_neural_only,109,high_demand,97.12,7,3600.1,0,,0.0687
45,"{'A': 304.9, 'B': 282.2, 'C': 319.9}",4,99.93,0.0,"{'A': 30, 'B': 48, 'C': 6}",84,410.7,99.1,6.671,"{'A': 3.39, 'B': 4.7, 'C': 0.89}",8.98,79.5,ns_neural_only,102,high_demand,71.69,8,3600.2,0,,0.0794
51,"{'A': 44.2, 'B': 77.7, 'C': 645.9}",4,99.92,0.0,"{'A': 37, 'B': 58, 'C': 6}",101,458.7,86.6,7.665,"{'A': 0.49, 'B': 1.29, 'C': 1.79}",3.58,86.6,ns_neural_only,105,high_demand,93.59,9,3600.2,0,,0.0759
48,"{'A': 0.0, 'B': 82.9, 'C': 0.0}",4,99.93,0.0,"{'A': 39, 'B': 58, 'C': 9}",106,432.9,93.2,7.187,"{'A': 0.0, 'B': 1.38, 'C': 0.0}",1.38,91.9,ns_neural_only,108,high_demand,101.02,10,3600.9,0,,0.0678
45,"{'A': 10.0, 'B': 106.2, 'C': 13.2}",5,99.93,0.0,"{'A': 33, 'B': 51, 'C': 8}",92,418.5,98.5,6.841,"{'A': 0.11, 'B': 1.77, 'C': 0.04}",1.92,89.1,ns_neural_only,107,high_demand,86.66,11,3600.2,0,,0.0744
48,"{'A': 0.0, 'B': 0.0, 'C': 43.2}",6,99.93,0.0,"{'A': 41, 'B': 58, 'C': 10}",109,467.7,93.6,7.422,"{'A': 0.0, 'B': 0.0, 'C': 0.12}",0.12,92.8,ns_neural_only,108,high_demand,105.17,12,3600.2,0,,0.0681
54,"{'A': 161.1, 'B': 91.8, 'C': 472.9}",8,99.93,0.0,"{'A': 36, 'B': 38, 'C': 6}",80,386.8,90.2,6.892,"{'A': 1.79, 'B': 1.53, 'C': 1.31}",4.63,86.8,ns_neural_only,85,high_demand,71.92,13,3600.8,0,,0.0861
47,"{'A': 4.4, 'B': 161.5, 'C': 8.4}",5,99.93,0.0,"{'A': 38, 'B': 58, 'C': 9}",105,454.8,93.1,7.372,"{'A': 0.05, 'B': 2.69, 'C': 0.02}",2.76,91.0,ns_neural_only,107,high_demand,98.55,14,3600.1,0,,0.0702
49,"{'A': 0.0, 'B': 0.0, 'C': 638.3}",9,99.93,0.0,"{'A': 39, 'B': 57, 'C': 7}",103,444.4,94.6,7.19,"{'A': 0.0, 'B': 0.0, 'C': 1.77}",1.77,92.3,ns_neural_only,107,high_demand,97.63,15,3600.5,0,,0.0698
50,"{'A': 0.0, 'B': 0.0, 'C': 30.4}",7,99.93,0.0,"{'A': 36, 'B': 57, 'C': 9}",102,437.6,92.7,7.228,"{'A': 0.0, 'B': 0.0, 'C': 0.08}",0.08,91.2,ns_neural_only,102,high_demand,98.3,16,3600.2,0,,0.0709
48,"{'A': 0.0, 'B': 0.0, 'C': 0.0}",6,99.93,0.0,"{'A': 40, 'B': 58, 'C': 6}",104,442.1,94.4,7.108,"{'A': 0.0, 'B': 0.0, 'C': 0.0}",0.0,92.6,ns_neural_only,106,high_demand,100.45,17,3600.5,0,,0.0684
53,"{'A': 681.5, 'B': 0.0, 'C': 0.0}",8,99.94,0.0,"{'A': 30, 'B': 41, 'C': 9}",80,403.6,92.5,6.462,"{'A': 7.57, 'B': 0.0, 'C': 0.0}",7.57,91.9,ns_neural_only,82,high_demand,69.2,18,3600.9,0,,0.0808
51,"{'A': 0.0, 'B': 137.4, 'C': 138.8}",6,99.93,0.0,"{'A': 38, 'B': 57, 'C': 8}",103,440.3,92.1,7.179,"{'A': 0.0, 'B': 2.29, 'C': 0.39}",2.67,90.2,ns_neural_only,104,high_demand,96.74,19,3600.9,0,,0.0697
55,"{'A': 0.0, 'B': 1336.1, 'C': 2153.5}",1,99.94,0.0,"{'A': 16, 'B': 19, 'C': 0}",35,149.4,15.1,6.113,"{'A': 0.0, 'B': 11.13, 'C': 2.99}",14.13,15.1,ns_neural_only,35,low_battery_start,17.82,0,3600.2,0,,0.1746
55,"{'A': 1317.5, 'B': 1389.6, 'C': 1486.0}",2,99.94,0.0,"{'A': 9, 'B': 20, 'C': 4}",33,148.3,15.3,6.185,"{'A': 7.32, 'B': 11.58, 'C': 2.06}",20.96,15.3,ns_neural_only,34,low_battery_start,8.94,1,3600.3,0,,0.1874
54,"{'A': 942.2, 'B': 1728.0, 'C': 2070.2}",2,99.95,0.0,"{'A': 18, 'B': 18, 'C': 0}",36,124.6,29.5,5.281,"{'A': 5.23, 'B': 14.4, 'C': 2.88}",22.51,29.5,ns_neural_only,33,low_battery_start,10.85,2,3600.5,0,,0.1467
55,"{'A': 2034.3, 'B': 608.7, 'C': 1076.3}",1,99.94,0.0,"{'A': 4, 'B': 27, 'C': 4}",35,148.3,16.5,6.111,"{'A': 11.3, 'B': 5.07, 'C': 1.49}",17.87,16.5,ns_neural_only,35,low_battery_start,14.08,3,3600.2,0,,0.1746
55,"{'A': 0.0, 'B': 1368.5, 'C': 2327.7}",1,99.94,0.0,"{'A': 7, 'B': 22, 'C': 0}",29,119.7,15.9,5.925,"{'A': 0.0, 'B': 11.4, 'C': 3.23}",14.64,15.9,ns_neural_only,29,low_battery_start,11.4,4,3600.8,0,,0.2043
55,"{'A': 1213.6, 'B': 1245.5, 'C': 1382.5}",1,99.94,0.0,"{'A': 9, 'B': 20, 'C': 4}",33,142.4,14.8,6.168,"{'A': 6.74, 'B': 10.38, 'C': 1.92}",19.04,14.8,ns_neural_only,34,low_battery_start,10.87,5,3600.1,0,,0.1869
56,"{'A': 0.0, 'B': 1331.2, 'C': 483.5}",1,99.94,0.0,"{'A': 11, 'B': 3, 'C': 4}",18,82.8,16.9,5.717,"{'A': 0.0, 'B': 11.09, 'C': 0.67}",11.77,16.9,ns_neural_only,20,low_battery_start,3.38,6,3600.3,0,,0.3176
54,"{'A': 2152.1, 'B': 573.3, 'C': 1161.9}",2,99.94,0.0,"{'A': 4, 'B': 26, 'C': 3}",33,151.9,17.3,6.083,"{'A': 11.96, 'B': 4.78, 'C': 1.61}",18.35,17.3,ns_neural_only,35,low_battery_start,11.61,7,3600.4,0,,0.1843
56,"{'A': 1289.8, 'B': 1257.6, 'C': 1395.8}",1,99.94,0.0,"{'A': 9, 'B': 22, 'C': 4}",35,153.4,14.6,6.221,"{'A': 7.17, 'B': 10.48, 'C': 1.94}",19.58,14.6,ns_neural_only,34,low_battery_start,-7.69,8,3600.4,1,below_reserve@3598s,0.1778
56,"{'A': 1457.6, 'B': 928.0, 'C': 1436.3}",1,99.94,0.0,"{'A': 8, 'B': 26, 'C': 4}",38,162.9,10.5,6.485,"{'A': 8.1, 'B': 7.73, 'C': 1.99}",17.83,10.5,ns_neural_only,36,low_battery_start,-3.07,9,3600.7,1,below_reserve@3150s,0.1707
55,"{'A': 1249.7, 'B': 1394.7, 'C': 1134.8}",1,99.94,0.0,"{'A': 9, 'B': 20, 'C': 4}",33,142.4,16.7,6.069,"{'A': 6.94, 'B': 11.62, 'C': 1.58}",20.14,16.7,ns_neural_only,34,low_battery_start,9.82,10,3600.1,0,,0.1839
55,"{'A': 1310.7, 'B': 1355.9, 'C': 1346.5}",2,99.94,0.0,"{'A': 9, 'B': 21, 'C': 4}",34,148.3,15.3,6.189,"{'A': 7.28, 'B': 11.3, 'C': 1.87}",20.45,15.3,ns_neural_only,34,low_battery_start,10.45,11,3600.3,0,,0.182
56,"{'A': 1271.6, 'B': 1280.6, 'C': 1352.9}",1,99.94,0.0,"{'A': 9, 'B': 21, 'C': 4}",34,152.6,14.6,6.226,"{'A': 7.06, 'B': 10.67, 'C': 1.88}",19.62,14.6,ns_neural_only,36,low_battery_start,-8.73,12,3600.4,1,below_reserve@3598s,0.1831
54,"{'A': 1738.6, 'B': 548.4, 'C': 123.8}",2,99.95,0.0,"{'A': 7, 'B': 17, 'C': 5}",29,126.4,39.3,4.781,"{'A': 9.66, 'B': 4.57, 'C': 0.17}",14.4,30.0,ns_neural_only,30,low_battery_start,12.21,13,3600.2,0,,0.1648
55,"{'A': 2071.4, 'B': 627.5, 'C': 1151.1}",1,99.94,0.0,"{'A': 4, 'B': 28, 'C': 4}",36,148.3,14.6,6.216,"{'A': 11.51, 'B': 5.23, 'C': 1.6}",18.34,14.6,ns_neural_only,35,low_battery_start,-5.44,14,3600.2,1,below_reserve@3557s,0.1727
55,"{'A': 1202.0, 'B': 1498.9, 'C': 1199.5}",1,99.94,0.0,"{'A': 9, 'B': 19, 'C': 3}",31,129.8,17.1,5.991,"{'A': 6.68, 'B': 12.49, 'C': 1.67}",20.83,17.1,ns_neural_only,31,low_battery_start,7.17,15,3600.7,0,,0.1933
55,"{'A': 1158.8, 'B': 1408.3, 'C': 1224.4}",1,99.94,0.0,"{'A': 9, 'B': 18, 'C': 3}",30,115.6,17.4,5.914,"{'A': 6.44, 'B': 11.74, 'C': 1.7}",19.87,17.4,ns_neural_only,31,low_battery_start,7.17,16,3600.3,0,,0.1971
55,"{'A': 1378.7, 'B': 1445.2, 'C': 1273.8}",1,99.94,0.0,"{'A': 9, 'B': 20, 'C': 3}",32,129.8,17.1,5.995,"{'A': 7.66, 'B': 12.04, 'C': 1.77}",21.47,17.1,ns_neural_only,32,low_battery_start,7.53,17,3600.7,0,,0.1874
55,"{'A': 1166.9, 'B': 523.0, 'C': 1469.8}",1,99.94,0.0,"{'A': 9, 'B': 19, 'C': 4}",32,142.4,14.9,6.164,"{'A': 6.48, 'B': 4.36, 'C': 2.04}",12.88,14.9,ns_neural_only,33,low_battery_start,16.04,18,3600.1,0,,0.1926
56,"{'A': 1243.2, 'B': 1339.5, 'C': 1395.1}",1,99.94,0.0,"{'A': 9, 'B': 20, 'C': 4}",33,152.6,14.6,6.221,"{'A': 6.91, 'B': 11.16, 'C': 1.94}",20.01,14.6,ns_neural_only,35,low_battery_start,-10.12,19,3600.4,1,below_reserve@3598s,0.1885
63,"{'A': 0.0, 'B': 1454.8, 'C': 1544.1}",0,99.94,0.0,"{'A': 15, 'B': 33, 'C': 0}",48,249.0,72.6,6.026,"{'A': 0.0, 'B': 24.25, 'C': 2.14}",26.39,72.6,ns_neural_only,53,one_hot_section,18.6,0,3600.6,0,,0.1255
66,"{'A': 663.2, 'B': 559.4, 'C': 671.1}",0,99.94,0.0,"{'A': 17, 'B': 51, 'C': 1}",69,258.7,71.9,6.174,"{'A': 3.68, 'B': 9.32, 'C': 0.93}",13.94,71.9,ns_neural_only,72,one_hot_section,51.97,1,3600.4,0,,0.0895
60,"{'A': 51.2, 'B': 793.0, 'C': 563.8}",2,99.95,0.0,"{'A': 21, 'B': 43, 'C': 3}",67,256.4,81.5,5.181,"{'A': 0.28, 'B': 13.22, 'C': 0.78}",14.28,80.4,ns_neural_only,68,one_hot_section,50.13,2,3600.5,0,,0.0773
59,"{'A': 460.3, 'B': 1198.9, 'C': 382.2}",1,99.95,0.0,"{'A': 12, 'B': 36, 'C': 1}",49,214.2,85.3,4.949,"{'A': 2.56, 'B': 19.98, 'C': 0.53}",23.07,85.3,ns_neural_only,59,one_hot_section,23.46,3,3600.4,0,,0.101
65,"{'A': 215.4, 'B': 711.5, 'C': 1463.5}",0,99.94,0.0,"{'A': 8, 'B': 50, 'C': 0}",58,246.2,73.7,5.783,"{'A': 1.2, 'B': 11.86, 'C': 2.03}",15.09,73.7,ns_neural_only,59,one_hot_section,40.02,4,3600.2,0,,0.0997
62,"{'A': 954.8, 'B': 844.0, 'C': 0.0}",1,99.94,0.0,"{'A': 14, 'B': 44, 'C': 4}",62,234.9,76.7,5.752,"{'A': 5.3, 'B': 14.07, 'C': 0.0}",19.37,73.9,ns_neural_only,65,one_hot_section,39.75,5,3600.4,0,,0.0928
62,"{'A': 0.0, 'B': 543.9, 'C': 422.1}",1,99.95,0.0,"{'A': 10, 'B': 27, 'C': 4}",41,164.1,80.7,4.876,"{'A': 0.0, 'B': 9.06, 'C': 0.59}",9.65,80.7,ns_neural_only,41,one_hot_section,28.91,6,3600.8,0,,0.1189
63,"{'A': 529.9, 'B': 1449.8, 'C': 0.0}",0,99.94,0.0,"{'A': 16, 'B': 30, 'C': 4}",50,234.1,72.6,6.022,"{'A': 2.94, 'B': 24.16, 'C': 0.0}",27.11,72.6,ns_neural_only,54,one_hot_section,19.88,7,3600.2,0,,0.1204
60,"{'A': 329.7, 'B': 1214.7, 'C': 0.0}",1,99.94,0.0,"{'A': 16, 'B': 38, 'C': 3}",57,237.0,76.5,5.774,"{'A': 1.83, 'B': 20.24, 'C': 0.0}",22.08,73.8,ns_neural_only,60,one_hot_section,32.04,8,3600.6,0,,0.1013
59,"{'A': 412.3, 'B': 563.9, 'C': 249.4}",1,99.94,0.0,"{'A': 17, 'B': 43, 'C': 4}",64,267.5,79.3,5.996,"{'A': 2.29, 'B': 9.4, 'C': 0.35}",12.04,72.7,ns_neural_only,71,one_hot_section,48.97,9,3600.8,0,,0.0937
58,"{'A': 399.7, 'B': 1335.5, 'C': 0.0}",2,99.95,0.0,"{'A': 17, 'B': 36, 'C': 4}",57,240.6,85.0,5.115,"{'A': 2.22, 'B': 22.26, 'C': 0.0}",24.48,83.8,ns_neural_only,56,one_hot_section,29.96,10,3600.9,0,,0.0897
62,"{'A': 25.1, 'B': 525.2, 'C': 887.7}",1,99.94,0.0,"{'A': 20, 'B': 52, 'C': 1}",73,310.7,75.3,6.293,"{'A': 0.14, 'B': 8.75, 'C': 1.23}",10.13,75.3,ns_neural_only,75,one_hot_section,59.73,11,3600.6,0,,0.0862
60,"{'A': 470.2, 'B': 931.1, 'C': 0.0}",1,99.94,0.0,"{'A': 17, 'B': 42, 'C': 4}",63,259.5,75.2,6.071,"{'A': 2.61, 'B': 15.52, 'C': 0.0}",18.13,72.4,ns_neural_only,66,one_hot_section,41.83,12,3600.5,0,,0.0964
65,"{'A': 2443.9, 'B': 306.7, 'C': 0.0}",0,99.94,0.0,"{'A': 0, 'B': 34, 'C': 4}",38,212.8,72.9,5.961,"{'A': 13.58, 'B': 5.11, 'C': 0.0}",18.69,72.9,ns_neural_only,46,one_hot_section,16.33,13,3600.5,0,,0.1569
58,"{'A': 371.5, 'B': 1371.1, 'C': 0.0}",1,99.94,0.0,"{'A': 17, 'B': 33, 'C': 4}",54,247.8,80.4,5.55,"{'A': 2.06, 'B': 22.85, 'C': 0.0}",24.92,74.8,ns_neural_only,59,one_hot_section,26.31,14,3600.5,0,,0.1028
62,"{'A': 771.2, 'B': 683.3, 'C': 0.0}",1,99.94,0.0,"{'A': 15, 'B': 45, 'C': 4}",64,272.7,73.5,6.101,"{'A': 4.28, 'B': 11.39, 'C': 0.0}",15.67,72.3,ns_neural_only,66,one_hot_section,45.28,15,3600.3,0,,0.0953
58,"{'A': 349.9, 'B': 1353.3, 'C': 0.0}",1,99.95,0.0,"{'A': 17, 'B': 33, 'C': 4}",54,205.3,81.0,5.356,"{'A': 1.94, 'B': 22.56, 'C': 0.0}",24.5,75.7,ns_neural_only,55,one_hot_section,26.82,16,3600.5,0,,0.0992
64,"{'A': 34.6, 'B': 841.5, 'C': 177.0}",0,99.94,0.0,"{'A': 18, 'B': 45, 'C': 3}",66,234.3,73.0,5.95,"{'A': 0.19, 'B': 14.03, 'C': 0.25}",14.46,73.0,ns_neural_only,70,one_hot_section,48.56,17,3600.8,0,,0.0901
63,"{'A': 634.1, 'B': 580.2, 'C': 1615.5}",0,99.94,0.0,"{'A': 16, 'B': 32, 'C': 0}",48,254.7,73.2,5.905,"{'A': 3.52, 'B': 9.67, 'C': 2.24}",15.44,73.2,ns_neural_only,50,one_hot_section,29.61,18,3600.1,0,,0.123
55,"{'A': 11.3, 'B': 979.9, 'C': 51.0}",4,99.95,0.0,"{'A': 19, 'B': 42, 'C': 4}",65,278.4,93.7,4.597,"{'A': 0.06, 'B': 16.33, 'C': 0.07}",16.46,93.7,ns_neural_only,65,one_hot_section,46.24,19,3600.8,0,,0.0707
61,"{'A': 0.0, 'B': 1220.7, 'C': 1283.1}",2,44.94,0.0,"{'A': 15, 'B': 20, 'C': 0}",35,233.4,79.2,5.699,"{'A': 0.0, 'B': 10.17, 'C': 1.78}",11.95,79.2,ns_neural_only,38,worn_robot,20.2,0,3600.4,0,,0.1628
62,"{'A': 45.3, 'B': 0.0, 'C': 1494.2}",2,44.93,0.0,"{'A': 21, 'B': 30, 'C': 0}",51,298.8,70.9,7.106,"{'A': 0.25, 'B': 0.0, 'C': 2.08}",2.33,70.9,ns_neural_only,52,worn_robot,45.12,1,3600.1,0,,0.1393
55,"{'A': 0.0, 'B': 0.0, 'C': 691.1}",9,44.94,0.0,"{'A': 20, 'B': 31, 'C': 3}",54,364.8,92.1,5.811,"{'A': 0.0, 'B': 0.0, 'C': 0.96}",0.96,91.7,ns_neural_only,52,worn_robot,50.13,2,3600.3,0,,0.1076
62,"{'A': 748.0, 'B': 756.6, 'C': 1121.3}",2,44.95,0.0,"{'A': 15, 'B': 24, 'C': 0}",39,215.4,80.3,5.139,"{'A': 4.16, 'B': 6.31, 'C': 1.56}",12.02,80.3,ns_neural_only,41,worn_robot,24.41,3,3600.3,0,,0.1318
61,"{'A': 0.0, 'B': 1940.1, 'C': 1720.8}",2,44.95,0.0,"{'A': 9, 'B': 14, 'C': 0}",23,174.2,80.5,5.1,"{'A': 0.0, 'B': 16.17, 'C': 2.39}",18.56,80.5,ns_neural_only,24,worn_robot,1.89,4,3600.8,0,,0.2218
62,"{'A': 314.4, 'B': 599.0, 'C': 1718.4}",1,44.94,0.0,"{'A': 18, 'B': 25, 'C': 0}",43,236.7,77.6,5.695,"{'A': 1.75, 'B': 4.99, 'C': 2.39}",9.13,77.6,ns_neural_only,45,worn_robot,31.03,5,3600.9,0,,0.1324
60,"{'A': 0.0, 'B': 102.4, 'C': 1370.2}",1,44.94,0.0,"{'A': 10, 'B': 19, 'C': 0}",29,211.7,75.4,6.172,"{'A': 0.0, 'B': 0.85, 'C': 1.9}",2.76,75.4,ns_neural_only,30,worn_robot,23.16,6,3600.9,0,,0.2128
61,"{'A': 411.8, 'B': 726.5, 'C': 1507.0}",1,44.94,0.0,"{'A': 18, 'B': 24, 'C': 0}",42,239.5,78.0,5.596,"{'A': 2.29, 'B': 6.05, 'C': 2.09}",10.43,78.0,ns_neural_only,44,worn_robot,28.77,7,3600.2,0,,0.1332
62,"{'A': 446.3, 'B': 700.4, 'C': 1530.9}",2,44.94,0.0,"{'A': 17, 'B': 24, 'C': 0}",41,243.7,78.2,5.599,"{'A': 2.48, 'B': 5.84, 'C': 2.13}",10.44,78.2,ns_neural_only,44,worn_robot,27.76,8,3600.8,0,,0.1366
61,"{'A': 434.7, 'B': 629.1, 'C': 1622.3}",1,44.94,0.0,"{'A': 18, 'B': 26, 'C': 0}",44,249.8,77.2,5.769,"{'A': 2.41, 'B': 5.24, 'C': 2.25}",9.91,77.2,ns_neural_only,46,worn_robot,31.21,9,3600.5,0,,0.1311
58,"{'A': 0.0, 'B': 0.0, 'C': 1408.2}",5,44.92,0.0,"{'A': 21, 'B': 30, 'C': 0}",51,362.7,80.7,7.562,"{'A': 0.0, 'B': 0.0, 'C': 1.96}",1.96,80.7,ns_neural_only,52,worn_robot,45.26,10,3600.1,0,,0.1483
61,"{'A': 1203.8, 'B': 2293.1, 'C': 1443.6}",2,44.97,0.0,"{'A': 13, 'B': 12, 'C': 0}",25,146.4,90.5,2.784,"{'A': 6.69, 'B': 19.11, 'C': 2.01}",27.8,90.5,ns_neural_only,26,worn_robot,-4.19,11,3600.5,0,,0.1114
61,"{'A': 347.9, 'B': 788.8, 'C': 1550.3}",1,44.95,0.0,"{'A': 18, 'B': 25, 'C': 0}",43,236.4,78.6,5.473,"{'A': 1.93, 'B': 6.57, 'C': 2.15}",10.66,78.6,ns_neural_only,44,worn_robot,29.6,12,3600.2,0,,0.1273
59,"{'A': 1691.7, 'B': 0.0, 'C': 0.0}",2,44.93,0.0,"{'A': 10, 'B': 21, 'C': 4}",35,212.6,76.6,6.539,"{'A': 9.4, 'B': 0.0, 'C': 0.0}",9.4,73.7,ns_neural_only,34,worn_robot,22.33,13,3600.2,0,,0.1868
63,"{'A': 689.2, 'B': 808.9, 'C': 1178.6}",2,44.95,0.0,"{'A': 16, 'B': 24, 'C': 0}",40,228.8,79.8,5.15,"{'A': 3.83, 'B': 6.74, 'C': 1.64}",12.21,79.8,ns_neural_only,40,worn_robot,25.22,14,3600.6,0,,0.1287
61,"{'A': 662.7, 'B': 730.9, 'C': 1256.9}",1,44.95,0.0,"{'A': 16, 'B': 25, 'C': 0}",41,229.3,78.8,5.429,"{'A': 3.68, 'B': 6.09, 'C': 1.75}",11.52,78.8,ns_neural_only,42,worn_robot,26.77,15,3600.9,0,,0.1324
62,"{'A': 403.0, 'B': 656.5, 'C': 1531.5}",2,44.94,0.0,"{'A': 18, 'B': 24, 'C': 0}",42,243.4,78.2,5.604,"{'A': 2.24, 'B': 5.47, 'C': 2.13}",9.84,78.2,ns_neural_only,43,worn_robot,29.36,16,3600.2,0,,0.1334
57,"{'A': 0.0, 'B': 0.0, 'C': 684.2}",5,44.93,0.0,"{'A': 19, 'B': 25, 'C': 1}",45,307.5,84.8,6.769,"{'A': 0.0, 'B': 0.0, 'C': 0.95}",0.95,84.8,ns_neural_only,51,worn_robot,40.67,17,3600.6,0,,0.1504
63,"{'A': 1263.4, 'B': 0.0, 'C': 441.8}",2,44.93,0.0,"{'A': 6, 'B': 23, 'C': 4}",33,256.3,71.9,6.977,"{'A': 7.02, 'B': 0.0, 'C': 0.61}",7.63,71.9,ns_neural_only,39,worn_robot,21.88,18,3600.3,0,,0.2114
51,"{'A': 293.2, 'B': 0.0, 'C': 516.4}",4,44.94,0.0,"{'A': 17, 'B': 28, 'C': 3}",48,264.9,91.9,6.27,"{'A': 1.63, 'B': 0.0, 'C': 0.72}",2.35,85.7,ns_neural_only,50,worn_robot,42.52,19,3600.3,0,,0.1306
48,"{'A': 0.0, 'B': 0.0, 'C': 0.0}",1,99.93,0.0,"{'A': 15, 'B': 31, 'C': 4}",50,480.9,91.1,7.107,"{'A': 0.0, 'B': 0.0, 'C': 0.0}",0.0,76.6,ns_symbolic_only,48,balanced,46.45,0,3601.0,0,,0.1421
65,"{'A': 0.0, 'B': 0.0, 'C': 0.0}",0,99.9,0.0,"{'A': 21, 'B': 31, 'C': 4}",56,652.1,55.9,9.698,"{'A': 0.0, 'B': 0.0, 'C': 0.0}",0.0,55.9,ns_symbolic_only,54,balanced,51.15,1,3600.1,0,,0.1732
63,"{'A': 0.0, 'B': 0.0, 'C': 0.0}",1,99.91,0.0,"{'A': 19, 'B': 31, 'C': 5}",55,617.1,62.8,9.17,"{'A': 0.0, 'B': 0.0, 'C': 0.0}",0.0,62.8,ns_symbolic_only,55,balanced,50.42,2,3600.4,0,,0.1667
44,"{'A': 0.0, 'B': 0.0, 'C': 0.0}",1,99.93,0.0,"{'A': 13, 'B': 23, 'C': 2}",38,465.4,95.9,6.788,"{'A': 0.0, 'B': 0.0, 'C': 0.0}",0.0,69.1,ns_symbolic_only,53,balanced,34.61,3,3600.3,0,,0.1786
46,"{'A': 0.0, 'B': 0.0, 'C': 0.0}",2,99.93,0.0,"{'A': 8, 'B': 31, 'C': 4}",43,446.0,98.1,6.563,"{'A': 0.0, 'B': 0.0, 'C': 0.0}",0.0,78.8,ns_symbolic_only,41,balanced,39.72,4,3600.5,0,,0.1526
66,"{'A': 0.0, 'B': 0.0, 'C': 0.0}",0,99.9,0.0,"{'A': 20, 'B': 29, 'C': 5}",54,640.9,56.2,9.637,"{'A': 0.0, 'B': 0.0, 'C': 0.0}",0.0,56.2,ns_symbolic_only,53,balanced,49.18,5,3600.2,0,,0.1785
51,"{'A': 0.0, 'B': 0.0, 'C': 0.0}",5,99.93,0.0,"{'A': 10, 'B': 20, 'C': 4}",34,492.3,90.6,7.032,"{'A': 0.0, 'B': 0.0, 'C': 0.0}",0.0,83.9,ns_symbolic_only,34,balanced,30.48,6,3600.4,0,,0.2068
66,"{'A': 0.0, 'B': 0.0, 'C': 0.0}",0,99.9,0.0,"{'A': 19, 'B': 30, 'C': 4}",53,642.9,56.3,9.611,"{'A': 0.0, 'B': 0.0, 'C': 0.0}",0.0,56.3,ns_symbolic_only,53,balanced,48.19,7,3600.4,0,,0.1813
63,"{'A': 0.0, 'B': 0.0, 'C': 0.0}",1,99.91,0.0,"{'A': 21, 'B': 30, 'C': 4}",55,615.8,62.8,9.166,"{'A': 0.0, 'B': 0.0, 'C': 0.0}",0.0,62.8,ns_symbolic_only,55,balanced,50.42,8,3600.0,0,,0.1667
57,"{'A': 0.0, 'B': 0.0, 'C': 0.0}",1,99.92,0.0,"{'A': 19, 'B': 30, 'C': 5}",54,564.7,74.0,8.378,"{'A': 0.0, 'B': 0.0, 'C': 0.0}",0.0,74.0,ns_symbolic_only,54,balanced,49.81,9,3600.8,0,,0.1552
45,"{'A': 0.0, 'B': 108.8, 'C': 0.0}",1,99.93,0.0,"{'A': 19, 'B': 31, 'C': 2}",52,460.5,95.2,6.88,"{'A': 0.0, 'B': 0.91, 'C': 0.0}",0.91,73.6,ns_symbolic_only,52,balanced,47.65,10,3600.8,0,,0.1323
47,"{'A': 0.0, 'B': 0.0, 'C': 0.0}",1,99.93,0.0,"{'A': 20, 'B': 30, 'C': 4}",54,468.8,93.1,6.989,"{'A': 0.0, 'B': 0.0, 'C': 0.0}",0.0,75.1,ns_symbolic_only,53,balanced,50.51,11,3600.2,0,,0.1294
57,"{'A': 0.0, 'B': 0.0, 'C': 0.0}",2,99.92,0.0,"{'A': 19, 'B': 29, 'C': 4}",52,563.3,74.5,8.334,"{'A': 0.0, 'B': 0.0, 'C': 0.0}",0.0,74.5,ns_symbolic_only,51,balanced,47.83,12,3600.3,0,,0.1603
50,"{'A': 0.0, 'B': 0.0, 'C': 0.0}",3,99.93,0.0,"{'A': 20, 'B': 23, 'C': 4}",47,456.9,94.0,6.844,"{'A': 0.0, 'B': 0.0, 'C': 0.0}",0.0,88.7,ns_symbolic_only,44,balanced,43.58,13,3600.5,0,,0.1456
65,"{'A': 0.0, 'B': 0.0, 'C': 0.0}",0,99.9,0.0,"{'A': 20, 'B': 31, 'C': 4}",55,644.1,56.2,9.64,"{'A': 0.0, 'B': 0.0, 'C': 0.0}",0.0,56.2,ns_symbolic_only,54,balanced,50.18,14,3600.5,0,,0.1753
66,"{'A': 0.0, 'B': 0.0, 'C': 0.0}",0,99.9,0.0,"{'A': 20, 'B': 31, 'C': 4}",55,643.8,56.2,9.627,"{'A': 0.0, 'B': 0.0, 'C': 0.0}",0.0,56.2,ns_symbolic_only,54,balanced,50.19,15,3600.7,0,,0.175
65,"{'A': 0.0, 'B': 0.0, 'C': 0.0}",0,99.9,0.0,"{'A': 19, 'B': 29, 'C': 5}",53,652.5,55.9,9.701,"{'A': 0.0, 'B': 0.0, 'C': 0.0}",0.0,55.9,ns_symbolic_only,53,balanced,48.15,16,3600.0,0,,0.183
65,"{'A': 0.0, 'B': 0.0, 'C': 0.0}",0,99.9,0.0,"{'A': 20, 'B': 30, 'C': 3}",53,648.8,56.2,9.625,"{'A': 0.0, 'B': 0.0, 'C': 0.0}",0.0,56.2,ns_symbolic_only,51,balanced,48.19,17,3600.7,0,,0.1816
46,"{'A': 0.0, 'B': 0.0, 'C': 0.0}",1,99.93,0.0,"{'A': 19, 'B': 23, 'C': 3}",45,440.6,97.8,6.55,"{'A': 0.0, 'B': 0.0, 'C': 0.0}",0.0,72.4,ns_symbolic_only,45,balanced,41.73,18,3600.6,0,,0.1455
65,"{'A': 0.0, 'B': 0.0, 'C': 0.0}",0,99.9,0.0,"{'A': 19, 'B': 29, 'C': 4}",52,649.2,56.2,9.638,"{'A': 0.0, 'B': 0.0, 'C': 0.0}",0.0,56.2,ns_symbolic_only,51,balanced,47.18,19,3600.6,0,,0.1853
54,"{'A': 0.0, 'B': 0.0, 'C': 0.0}",4,99.94,0.0,"{'A': 10, 'B': 13, 'C': 3}",26,444.8,90.1,6.445,"{'A': 0.0, 'B': 0.0, 'C': 0.0}",0.0,90.1,ns_symbolic_only,26,fault_burst,22.78,0,3600.5,0,,0.2479
61,"{'A': 0.0, 'B': 0.0, 'C': 0.0}",3,99.91,0.0,"{'A': 16, 'B': 26, 'C': 3}",45,600.7,67.8,8.718,"{'A': 0.0, 'B': 0.0, 'C': 0.0}",0.0,67.8,ns_symbolic_only,44,fault_burst,40.64,1,3600.4,0,,0.1937
48,"{'A': 0.0, 'B': 0.0, 'C': 0.0}",4,99.93,0.0,"{'A': 16, 'B': 17, 'C': 3}",36,462.8,96.4,6.685,"{'A': 0.0, 'B': 0.0, 'C': 0.0}",0.0,83.9,ns_symbolic_only,35,fault_burst,32.66,2,3600.6,0,,0.1857
49,"{'A': 0.0, 'B': 0.0, 'C': 0.0}",6,99.94,0.0,"{'A': 14, 'B': 19, 'C': 2}",35,445.1,98.9,6.387,"{'A': 0.0, 'B': 0.0, 'C': 0.0}",0.0,92.1,ns_symbolic_only,32,fault_burst,31.81,3,3600.3,0,,0.1825
47,"{'A': 0.0, 'B': 0.0, 'C': 0.0}",4,99.94,0.0,"{'A': 9, 'B': 21, 'C': 2}",32,409.3,99.4,5.852,"{'A': 0.0, 'B': 0.0, 'C': 0.0}",0.0,82.6,ns_symbolic_only,30,fault_burst,29.07,4,3600.5,0,,0.1829
47,"{'A': 0.0, 'B': 0.0, 'C': 0.0}",4,99.94,0.0,"{'A': 12, 'B': 16, 'C': 2}",30,442.0,99.9,6.394,"{'A': 0.0, 'B': 0.0, 'C': 0.0}",0.0,86.9,ns_symbolic_only,33,fault_burst,26.8,5,3600.3,0,,0.2131
51,"{'A': 0.0, 'B': 0.0, 'C': 0.0}",5,99.94,0.0,"{'A': 11, 'B': 9, 'C': 3}",23,393.6,97.3,5.705,"{'A': 0.0, 'B': 0.0, 'C': 0.0}",0.0,85.1,ns_symbolic_only,21,fault_burst,20.15,6,3600.2,0,,0.2481
48,"{'A': 0.0, 'B': 0.0, 'C': 0.0}",5,99.94,0.0,"{'A': 11, 'B': 21, 'C': 4}",36,438.4,98.6,6.396,"{'A': 0.0, 'B': 0.0, 'C': 0.0}",0.0,87.7,ns_symbolic_only,33,fault_burst,32.8,7,3600.1,0,,0.1777
59,"{'A': 0.0, 'B': 0.0, 'C': 0.0}",2,99.91,0.0,"{'A': 13, 'B': 24, 'C': 2}",39,603.4,68.4,8.776,"{'A': 0.0, 'B': 0.0, 'C': 0.0}",0.0,66.3,ns_symbolic_only,39,fault_burst,34.61,8,3600.2,0,,0.225
48,"{'A': 0.0, 'B': 0.0, 'C': 0.0}",6,99.93,0.0,"{'A': 16, 'B': 18, 'C': 3}",37,476.9,96.5,6.78,"{'A': 0.0, 'B': 0.0, 'C': 0.0}",0.0,90.4,ns_symbolic_only,36,fault_burst,33.61,9,3600.8,0,,0.1833
47,"{'A': 0.0, 'B': 0.0, 'C': 0.0}",1,99.93,0.0,"{'A': 12, 'B': 15, 'C': 2}",29,460.1,94.2,6.774,"{'A': 0.0, 'B': 0.0, 'C': 0.0}",0.0,69.2,ns_symbolic_only,33,fault_burst,25.61,10,3600.8,0,,0.2336
62,"{'A': 0.0, 'B': 0.0, 'C': 0.0}",2,99.93,0.0,"{'A': 13, 'B': 21, 'C': 2}",36,498.5,71.7,7.243,"{'A': 0.0, 'B': 0.0, 'C': 0.0}",0.0,71.7,ns_symbolic_only,35,fault_burst,32.38,11,3600.3,0,,0.2012
54,"{'A': 0.0, 'B': 0.0, 'C': 0.0}",3,99.92,0.0,"{'A': 15, 'B': 20, 'C': 3}",38,528.4,82.4,7.637,"{'A': 0.0, 'B': 0.0, 'C': 0.0}",0.0,82.4,ns_symbolic_only,37,fault_burst,34.18,12,3600.9,0,,0.201
60,"{'A': 0.0, 'B': 0.0, 'C': 0.0}",5,99.93,0.0,"{'A': 14, 'B': 22, 'C': 3}",39,507.0,77.7,7.32,"{'A': 0.0, 'B': 0.0, 'C': 0.0}",0.0,77.7,ns_symbolic_only,38,fault_burst,35.34,13,3600.0,0,,0.1877
56,"{'A': 0.0, 'B': 0.0, 'C': 0.0}",4,99.93,0.0,"{'A': 12, 'B': 21, 'C': 3}",36,471.1,84.1,6.846,"{'A': 0.0, 'B': 0.0, 'C': 0.0}",0.0,84.1,ns_symbolic_only,37,fault_burst,32.58,14,3600.8,0,,0.1902
53,"{'A': 0.0, 'B': 0.0, 'C': 0.0}",6,99.93,0.0,"{'A': 18, 'B': 16, 'C': 3}",37,488.1,90.3,7.11,"{'A': 0.0, 'B': 0.0, 'C': 0.0}",0.0,90.3,ns_symbolic_only,36,fault_burst,33.45,15,3600.4,0,,0.1922
49,"{'A': 0.0, 'B': 0.0, 'C': 0.0}",2,99.93,0.0,"{'A': 13, 'B': 19, 'C': 3}",35,486.6,90.3,7.119,"{'A': 0.0, 'B': 0.0, 'C': 0.0}",0.0,77.6,ns_symbolic_only,33,fault_burst,31.44,16,3600.7,0,,0.2034
49,"{'A': 0.0, 'B': 0.0, 'C': 0.0}",3,99.93,0.0,"{'A': 11, 'B': 20, 'C': 2}",33,471.4,91.9,6.812,"{'A': 0.0, 'B': 0.0, 'C': 0.0}",0.0,77.4,ns_symbolic_only,37,fault_burst,29.59,17,3600.6,0,,0.2064
46,"{'A': 0.0, 'B': 0.0, 'C': 0.0}",3,99.93,0.0,"{'A': 16, 'B': 12, 'C': 2}",30,453.2,98.1,6.547,"{'A': 0.0, 'B': 0.0, 'C': 0.0}",0.0,86.7,ns_symbolic_only,31,fault_burst,26.73,18,3600.0,0,,0.2182
49,"{'A': 0.0, 'B': 0.0, 'C': 0.0}",5,99.94,0.0,"{'A': 11, 'B': 17, 'C': 2}",30,407.4,98.7,5.856,"{'A': 0.0, 'B': 0.0, 'C': 0.0}",0.0,91.5,ns_symbolic_only,31,fault_burst,27.07,19,3600.7,0,,0.1952
67,"{'A': 0.0, 'B': 0.0, 'C': 0.0}",0,99.9,0.0,"{'A': 27, 'B': 58, 'C': 10}",95,631.8,55.3,9.829,"{'A': 0.0, 'B': 0.0, 'C': 0.0}",0.0,55.3,ns_symbolic_only,98,high_demand,90.09,0,3600.0,0,,0.1035
66,"{'A': 0.0, 'B': 0.0, 'C': 0.0}",0,99.9,0.0,"{'A': 37, 'B': 59, 'C': 9}",105,643.5,54.5,10.015,"{'A': 0.0, 'B': 0.0, 'C': 0.0}",0.0,54.5,ns_symbolic_only,109,high_demand,99.99,1,3600.0,0,,0.0954
66,"{'A': 0.0, 'B': 0.0, 'C': 0.0}",0,99.9,0.0,"{'A': 40, 'B': 58, 'C': 10}",108,639.3,54.2,10.065,"{'A': 0.0, 'B': 0.0, 'C': 0.0}",0.0,54.2,ns_symbolic_only,107,high_demand,102.97,2,3600.3,0,,0.0932
66,"{'A': 0.0, 'B': 0.0, 'C': 0.0}",0,99.9,0.0,"{'A': 40, 'B': 59, 'C': 9}",108,643.9,54.2,10.079,"{'A': 0.0, 'B': 0.0, 'C': 0.0}",0.0,54.2,ns_symbolic_only,108,high_demand,102.96,3,3600.9,0,,0.0933
62,"{'A': 0.0, 'B': 0.0, 'C': 0.0}",1,99.91,0.0,"{'A': 17, 'B': 59, 'C': 9}",85,590.1,64.2,9.24,"{'A': 0.0, 'B': 0.0, 'C': 0.0}",0.0,58.0,ns_symbolic_only,88,high_demand,80.38,4,3600.1,0,,0.1087
66,"{'A': 0.0, 'B': 0.0, 'C': 0.0}",0,99.9,0.0,"{'A': 40, 'B': 60, 'C': 9}",109,643.8,54.4,10.04,"{'A': 0.0, 'B': 0.0, 'C': 0.0}",0.0,54.4,ns_symbolic_only,109,high_demand,103.98,5,3600.7,0,,0.0921
54,"{'A': 196.4, 'B': 0.0, 'C': 0.0}",1,99.92,0.0,"{'A': 37, 'B': 36, 'C': 9}",82,505.7,82.3,7.814,"{'A': 2.18, 'B': 0.0, 'C': 0.0}",2.18,82.2,ns_symbolic_only,85,high_demand,75.91,6,3600.6,0,,0.0953
66,"{'A': 0.0, 'B': 0.0, 'C': 0.0}",0,99.9,0.0,"{'A': 37, 'B': 62, 'C': 8}",107,643.9,54.8,9.951,"{'A': 0.0, 'B': 0.0, 'C': 0.0}",0.0,54.8,ns_symbolic_only,108,high_demand,102.02,7,3601.0,0,,0.093
66,"{'A': 0.0, 'B': 0.0, 'C': 0.0}",0,99.9,0.0,"{'A': 38, 'B': 59, 'C': 8}",105,636.9,54.8,9.944,"{'A': 0.0, 'B': 0.0, 'C': 0.0}",0.0,54.8,ns_symbolic_only,107,high_demand,100.03,8,3600.0,0,,0.0947
66,"{'A': 0.0, 'B': 0.0, 'C': 0.0}",0,99.9,0.0,"{'A': 38, 'B': 59, 'C': 9}",106,639.8,54.4,10.026,"{'A': 0.0, 'B': 0.0, 'C': 0.0}",0.0,54.4,ns_symbolic_only,105,high_demand,100.99,9,3600.6,0,,0.0946
66,"{'A': 0.0, 'B': 0.0, 'C': 0.0}",0,99.9,0.0,"{'A': 40, 'B': 63, 'C': 8}",111,643.4,54.9,9.923,"{'A': 0.0, 'B': 0.0, 'C': 0.0}",0.0,54.9,ns_symbolic_only,113,high_demand,106.04,10,3600.7,0,,0.0894
66,"{'A': 0.0, 'B': 0.0, 'C': 0.0}",0,99.9,0.0,"{'A': 39, 'B': 57, 'C': 8}",104,643.8,54.5,10.008,"{'A': 0.0, 'B': 0.0, 'C': 0.0}",0.0,54.5,ns_symbolic_only,106,high_demand,99.0,11,3600.7,0,,0.0962
66,"{'A': 0.0, 'B': 0.0, 'C': 0.0}",0,99.9,0.0,"{'A': 40, 'B': 60, 'C': 9}",109,641.4,54.5,10.004,"{'A': 0.0, 'B': 0.0, 'C': 0.0}",0.0,54.5,ns_symbolic_only,110,high_demand,104.0,12,3600.5,0,,0.0918
56,"{'A': 43.6, 'B': 0.0, 'C': 0.0}",1,99.92,0.0,"{'A': 41, 'B': 40, 'C': 9}",90,527.2,78.0,8.162,"{'A': 0.48, 'B': 0.0, 'C': 0.0}",0.48,78.0,ns_symbolic_only,91,high_demand,85.43,13,3600.9,0,,0.0907
66,"{'A': 0.0, 'B': 0.0, 'C': 0.0}",0,99.9,0.0,"{'A': 41, 'B': 60, 'C': 8}",109,641.4,54.7,9.975,"{'A': 0.0, 'B': 0.0, 'C': 0.0}",0.0,54.7,ns_symbolic_only,109,high_demand,104.01,14,3600.5,0,,0.0915
66,"{'A': 0.0, 'B': 0.0, 'C': 0.0}",0,99.9,0.0,"{'A': 38, 'B': 59, 'C': 9}",106,641.4,54.6,9.988,"{'A': 0.0, 'B': 0.0, 'C': 0.0}",0.0,54.6,ns_symbolic_only,108,high_demand,101.01,15,3600.5,0,,0.0942
66,"{'A': 0.0, 'B': 0.0, 'C': 0.0}",0,99.9,0.0,"{'A': 39, 'B': 56, 'C': 9}",104,638.2,54.9,9.914,"{'A': 0.0, 'B': 0.0, 'C': 0.0}",0.0,54.9,ns_symbolic_only,105,high_demand,99.04,16,3600.3,0,,0.0953
66,"{'A': 0.0, 'B': 0.0, 'C': 0.0}",0,99.9,0.0,"{'A': 37, 'B': 59, 'C': 7}",103,642.4,54.9,9.916,"{'A': 0.0, 'B': 0.0, 'C': 0.0}",0.0,54.9,ns_symbolic_only,103,high_demand,98.04,17,3600.1,0,,0.0963
50,"{'A': 299.6, 'B': 0.0, 'C': 342.8}",1,99.92,0.0,"{'A': 36, 'B': 42, 'C': 7}",85,484.4,87.1,7.549,"{'A': 3.33, 'B': 0.0, 'C': 0.95}",4.28,78.6,ns_symbolic_only,87,high_demand,76.94,18,3600.2,0,,0.0888
66,"{'A': 0.0, 'B': 0.0, 'C': 0.0}",0,99.9,0.0,"{'A': 38, 'B': 60, 'C': 8}",106,640.8,54.6,9.977,"{'A': 0.0, 'B': 0.0, 'C': 0.0}",0.0,54.6,ns_symbolic_only,109,high_demand,101.01,19,3600.2,0,,0.0941
49,"{'A': 0.0, 'B': 0.0, 'C': 0.0}",1,99.93,0.0,"{'A': 17, 'B': 31, 'C': 5}",53,472.9,20.7,7.119,"{'A': 0.0, 'B': 0.0, 'C': 0.0}",0.0,16.9,ns_symbolic_only,46,low_battery_start,49.44,0,3600.5,0,,0.1343
44,"{'A': 0.0, 'B': 0.0, 'C': 0.0}",2,99.94,0.0,"{'A': 23, 'B': 32, 'C': 5}",60,410.7,33.3,6.229,"{'A': 0.0, 'B': 0.0, 'C': 0.0}",0.0,17.0,ns_symbolic_only,53,low_battery_start,56.89,1,3600.1,0,,0.1038
49,"{'A': 0.0, 'B': 0.0, 'C': 0.0}",1,99.93,0.0,"{'A': 22, 'B': 32, 'C': 6}",60,472.6,19.9,7.281,"{'A': 0.0, 'B': 0.0, 'C': 0.0}",0.0,17.0,ns_symbolic_only,53,low_battery_start,56.36,2,3600.7,0,,0.1213
50,"{'A': 0.0, 'B': 0.0, 'C': 0.0}",1,99.93,0.0,"{'A': 22, 'B': 34, 'C': 5}",61,467.9,20.5,7.159,"{'A': 0.0, 'B': 0.0, 'C': 0.0}",0.0,17.0,ns_symbolic_only,52,low_battery_start,57.42,3,3600.9,0,,0.1174
41,"{'A': 0.0, 'B': 0.0, 'C': 0.0}",3,99.94,0.0,"{'A': 11, 'B': 32, 'C': 5}",48,387.7,39.3,5.781,"{'A': 0.0, 'B': 0.0, 'C': 0.0}",0.0,17.2,ns_symbolic_only,42,low_battery_start,45.11,4,3600.2,0,,0.1204
50,"{'A': 0.0, 'B': 0.0, 'C': 0.0}",1,99.93,0.0,"{'A': 23, 'B': 33, 'C': 5}",61,472.5,20.1,7.186,"{'A': 0.0, 'B': 0.0, 'C': 0.0}",0.0,17.2,ns_symbolic_only,55,low_battery_start,57.41,5,3600.5,0,,0.1178
46,"{'A': 0.0, 'B': 0.0, 'C': 0.0}",2,99.93,0.0,"{'A': 13, 'B': 23, 'C': 5}",41,438.4,28.8,6.53,"{'A': 0.0, 'B': 0.0, 'C': 0.0}",0.0,17.0,ns_symbolic_only,33,low_battery_start,37.74,6,3600.1,0,,0.1593
50,"{'A': 0.0, 'B': 116.1, 'C': 0.0}",1,99.93,0.0,"{'A': 23, 'B': 33, 'C': 5}",61,467.8,20.5,7.151,"{'A': 0.0, 'B': 0.97, 'C': 0.0}",0.97,17.0,ns_symbolic_only,52,low_battery_start,56.46,7,3600.5,0,,0.1172
49,"{'A': 19.4, 'B': 88.7, 'C': 0.0}",1,99.93,0.0,"{'A': 23, 'B': 34, 'C': 5}",62,486.9,18.9,7.406,"{'A': 0.11, 'B': 0.74, 'C': 0.0}",0.85,17.5,ns_symbolic_only,54,low_battery_start,57.45,8,3600.4,0,,0.1195
49,"{'A': 0.0, 'B': 165.3, 'C': 0.0}",1,99.93,0.0,"{'A': 22, 'B': 32, 'C': 6}",60,475.7,20.2,7.208,"{'A': 0.0, 'B': 1.38, 'C': 0.0}",1.38,17.1,ns_symbolic_only,53,low_battery_start,55.02,9,3600.6,0,,0.1201
49,"{'A': 0.0, 'B': 67.6, 'C': 0.0}",1,99.93,0.0,"{'A': 23, 'B': 33, 'C': 6}",62,476.2,19.9,7.292,"{'A': 0.0, 'B': 0.56, 'C': 0.0}",0.56,17.0,ns_symbolic_only,56,low_battery_start,57.79,10,3600.9,0,,0.1176
48,"{'A': 0.0, 'B': 0.0, 'C': 0.0}",1,99.93,0.0,"{'A': 22, 'B': 33, 'C': 5}",60,487.4,19.4,7.341,"{'A': 0.0, 'B': 0.0, 'C': 0.0}",0.0,17.3,ns_symbolic_only,53,low_battery_start,56.33,11,3600.8,0,,0.1224
49,"{'A': 0.0, 'B': 0.0, 'C': 0.0}",1,99.93,0.0,"{'A': 24, 'B': 33, 'C': 6}",63,469.4,20.1,7.254,"{'A': 0.0, 'B': 0.0, 'C': 0.0}",0.0,16.9,ns_symbolic_only,54,low_battery_start,59.37,12,3600.6,0,,0.1151
50,"{'A': 0.0, 'B': 0.0, 'C': 0.0}",1,99.93,0.0,"{'A': 23, 'B': 23, 'C': 5}",51,469.3,20.6,7.114,"{'A': 0.0, 'B': 0.0, 'C': 0.0}",0.0,17.1,ns_symbolic_only,43,low_battery_start,47.44,13,3600.3,0,,0.1395
48,"{'A': 0.0, 'B': 0.0, 'C': 0.0}",1,99.93,0.0,"{'A': 22, 'B': 33, 'C': 5}",60,489.2,19.6,7.361,"{'A': 0.0, 'B': 0.0, 'C': 0.0}",0.0,16.9,ns_symbolic_only,52,low_battery_start,56.32,14,3600.4,0,,0.1227
49,"{'A': 0.0, 'B': 46.0, 'C': 0.0}",1,99.93,0.0,"{'A': 24, 'B': 34, 'C': 4}",62,477.3,20.0,7.279,"{'A': 0.0, 'B': 0.38, 'C': 0.0}",0.38,17.0,ns_symbolic_only,55,low_battery_start,57.98,15,3600.9,0,,0.1174
48,"{'A': 0.0, 'B': 56.2, 'C': 0.0}",2,99.93,0.0,"{'A': 23, 'B': 31, 'C': 5}",59,448.6,24.4,6.876,"{'A': 0.0, 'B': 0.47, 'C': 0.0}",0.47,17.3,ns_symbolic_only,50,low_battery_start,55.09,16,3600.4,0,,0.1165
49,"{'A': 0.0, 'B': 115.4, 'C': 0.0}",1,99.93,0.0,"{'A': 22, 'B': 33, 'C': 5}",60,484.6,19.7,7.266,"{'A': 0.0, 'B': 0.96, 'C': 0.0}",0.96,17.3,ns_symbolic_only,50,low_battery_start,55.41,17,3600.7,0,,0.1211
43,"{'A': 0.0, 'B': 0.0, 'C': 0.0}",3,99.94,0.0,"{'A': 22, 'B': 24, 'C': 5}",51,397.8,35.7,6.039,"{'A': 0.0, 'B': 0.0, 'C': 0.0}",0.0,17.4,ns_symbolic_only,46,low_battery_start,47.98,18,3600.1,0,,0.1184
49,"{'A': 0.0, 'B': 18.1, 'C': 0.0}",1,99.93,0.0,"{'A': 22, 'B': 34, 'C': 5}",61,474.0,19.5,7.321,"{'A': 0.0, 'B': 0.15, 'C': 0.0}",0.15,17.2,ns_symbolic_only,53,low_battery_start,57.19,19,3600.4,0,,0.12
63,"{'A': 0.0, 'B': 0.0, 'C': 0.0}",0,99.9,0.0,"{'A': 14, 'B': 59, 'C': 4}",77,675.2,54.4,10.033,"{'A': 0.0, 'B': 0.0, 'C': 0.0}",0.0,54.4,ns_symbolic_only,76,one_hot_section,71.98,0,3600.4,0,,0.1303
62,"{'A': 0.0, 'B': 0.0, 'C': 0.0}",0,99.9,0.0,"{'A': 19, 'B': 58, 'C': 4}",81,690.3,53.8,10.156,"{'A': 0.0, 'B': 0.0, 'C': 0.0}",0.0,53.8,ns_symbolic_only,82,one_hot_section,75.92,1,3600.0,0,,0.1254
61,"{'A': 0.0, 'B': 0.0, 'C': 0.0}",1,99.91,0.0,"{'A': 18, 'B': 60, 'C': 4}",82,635.0,61.5,9.484,"{'A': 0.0, 'B': 0.0, 'C': 0.0}",0.0,61.5,ns_symbolic_only,81,one_hot_section,77.26,2,3600.2,0,,0.1157
63,"{'A': 0.0, 'B': 0.0, 'C': 0.0}",0,99.9,0.0,"{'A': 20, 'B': 57, 'C': 4}",81,674.5,54.3,10.055,"{'A': 0.0, 'B': 0.0, 'C': 0.0}",0.0,54.3,ns_symbolic_only,83,one_hot_section,75.97,3,3600.5,0,,0.1241
46,"{'A': 0.0, 'B': 622.8, 'C': 0.0}",1,99.93,0.0,"{'A': 9, 'B': 51, 'C': 5}",65,472.0,93.5,7.068,"{'A': 0.0, 'B': 10.38, 'C': 0.0}",10.38,74.3,ns_symbolic_only,63,one_hot_section,51.09,4,3600.2,0,,0.1087
63,"{'A': 0.0, 'B': 0.0, 'C': 0.0}",0,99.9,0.0,"{'A': 18, 'B': 60, 'C': 5}",83,677.0,54.3,10.058,"{'A': 0.0, 'B': 0.0, 'C': 0.0}",0.0,54.3,ns_symbolic_only,84,one_hot_section,77.97,5,3600.9,0,,0.1212
52,"{'A': 0.0, 'B': 0.0, 'C': 0.0}",2,99.92,0.0,"{'A': 9, 'B': 39, 'C': 4}",52,517.0,83.5,7.561,"{'A': 0.0, 'B': 0.0, 'C': 0.0}",0.0,83.5,ns_symbolic_only,54,one_hot_section,48.22,6,3600.5,0,,0.1454
64,"{'A': 0.0, 'B': 0.0, 'C': 0.0}",0,99.9,0.0,"{'A': 20, 'B': 62, 'C': 4}",86,667.1,54.4,10.03,"{'A': 0.0, 'B': 0.0, 'C': 0.0}",0.0,54.4,ns_symbolic_only,85,one_hot_section,80.98,7,3600.6,0,,0.1166
64,"{'A': 0.0, 'B': 0.0, 'C': 0.0}",0,99.9,0.0,"{'A': 21, 'B': 59, 'C': 4}",84,667.0,54.6,9.989,"{'A': 0.0, 'B': 0.0, 'C': 0.0}",0.0,54.6,ns_symbolic_only,83,one_hot_section,79.01,8,3600.4,0,,0.1189
64,"{'A': 0.0, 'B': 0.0, 'C': 0.0}",0,99.9,0.0,"{'A': 20, 'B': 60, 'C': 4}",84,666.9,54.6,9.996,"{'A': 0.0, 'B': 0.0, 'C': 0.0}",0.0,54.6,ns_symbolic_only,84,one_hot_section,79.0,9,3600.1,0,,0.119
63,"{'A': 0.0, 'B': 0.0, 'C': 0.0}",0,99.9,0.0,"{'A': 19, 'B': 60, 'C': 4}",83,674.2,54.3,10.063,"{'A': 0.0, 'B': 0.0, 'C': 0.0}",0.0,54.3,ns_symbolic_only,82,one_hot_section,77.97,10,3600.8,0,,0.1212
65,"{'A': 0.0, 'B': 0.0, 'C': 0.0}",0,99.9,0.0,"{'A': 18, 'B': 61, 'C': 5}",84,655.3,54.9,9.915,"{'A': 0.0, 'B': 0.0, 'C': 0.0}",0.0,54.9,ns_symbolic_only,84,one_hot_section,79.04,11,3600.2,0,,0.118
65,"{'A': 0.0, 'B': 0.0, 'C': 0.0}",0,99.9,0.0,"{'A': 21, 'B': 61, 'C': 5}",87,655.5,54.8,9.95,"{'A': 0.0, 'B': 0.0, 'C': 0.0}",0.0,54.8,ns_symbolic_only,86,one_hot_section,82.03,12,3600.8,0,,0.1144
53,"{'A': 0.0, 'B': 0.0, 'C': 0.0}",1,99.92,0.0,"{'A': 20, 'B': 40, 'C': 4}",64,519.5,81.7,7.825,"{'A': 0.0, 'B': 0.0, 'C': 0.0}",0.0,81.7,ns_symbolic_only,65,one_hot_section,60.09,13,3600.2,0,,0.1223
64,"{'A': 0.0, 'B': 0.0, 'C': 0.0}",0,99.9,0.0,"{'A': 20, 'B': 59, 'C': 4}",83,667.0,54.7,9.966,"{'A': 0.0, 'B': 0.0, 'C': 0.0}",0.0,54.7,ns_symbolic_only,83,one_hot_section,78.02,14,3600.2,0,,0.1201
63,"{'A': 0.0, 'B': 0.0, 'C': 0.0}",0,99.9,0.0,"{'A': 19, 'B': 59, 'C': 4}",82,678.7,54.3,10.057,"{'A': 0.0, 'B': 0.0, 'C': 0.0}",0.0,54.3,ns_symbolic_only,82,one_hot_section,76.97,15,3600.2,0,,0.1226
59,"{'A': 0.0, 'B': 0.0, 'C': 0.0}",1,99.91,0.0,"{'A': 19, 'B': 54, 'C': 4}",77,633.6,62.9,9.418,"{'A': 0.0, 'B': 0.0, 'C': 0.0}",0.0,57.2,ns_symbolic_only,76,one_hot_section,72.29,16,3600.7,0,,0.1223
63,"{'A': 0.0, 'B': 0.0, 'C': 0.0}",0,99.9,0.0,"{'A': 19, 'B': 59, 'C': 3}",81,678.9,54.5,10.011,"{'A': 0.0, 'B': 0.0, 'C': 0.0}",0.0,54.5,ns_symbolic_only,80,one_hot_section,75.99,17,3600.8,0,,0.1236
50,"{'A': 0.0, 'B': 0.0, 'C': 0.0}",1,99.92,0.0,"{'A': 19, 'B': 40, 'C': 4}",63,496.0,86.6,7.526,"{'A': 0.0, 'B': 0.0, 'C': 0.0}",0.0,79.2,ns_symbolic_only,66,one_hot_section,59.24,18,3600.8,0,,0.1195
64,"{'A': 0.0, 'B': 0.0, 'C': 0.0}",0,99.9,0.0,"{'A': 20, 'B': 59, 'C': 4}",83,667.0,54.7,9.966,"{'A': 0.0, 'B': 0.0, 'C': 0.0}",0.0,54.7,ns_symbolic_only,82,one_hot_section,78.02,19,3600.2,0,,0.1201
47,"{'A': 0.0, 'B': 0.0, 'C': 0.0}",1,44.93,0.0,"{'A': 15, 'B': 29, 'C': 4}",48,474.0,91.1,7.414,"{'A': 0.0, 'B': 0.0, 'C': 0.0}",0.0,75.2,ns_symbolic_only,48,worn_robot,44.29,0,3600.4,0,,0.1545
65,"{'A': 0.0, 'B': 0.0, 'C': 0.0}",0,44.9,0.0,"{'A': 21, 'B': 31, 'C': 4}",56,652.1,53.1,10.308,"{'A': 0.0, 'B': 0.0, 'C': 0.0}",0.0,53.1,ns_symbolic_only,54,worn_robot,50.85,1,3600.1,0,,0.1841
62,"{'A': 0.0, 'B': 0.0, 'C': 0.0}",1,44.9,0.0,"{'A': 19, 'B': 29, 'C': 4}",52,624.2,60.3,9.786,"{'A': 0.0, 'B': 0.0, 'C': 0.0}",0.0,60.3,ns_symbolic_only,52,worn_robot,47.11,2,3600.5,0,,0.1882
63,"{'A': 0.0, 'B': 0.0, 'C': 0.0}",1,44.9,0.0,"{'A': 20, 'B': 31, 'C': 4}",55,643.9,57.0,10.083,"{'A': 0.0, 'B': 0.0, 'C': 0.0}",0.0,57.0,ns_symbolic_only,53,worn_robot,49.96,3,3600.2,0,,0.1833
45,"{'A': 0.0, 'B': 0.0, 'C': 0.0}",2,44.93,0.0,"{'A': 8, 'B': 30, 'C': 4}",42,437.1,98.1,6.857,"{'A': 0.0, 'B': 0.0, 'C': 0.0}",0.0,77.4,ns_symbolic_only,40,worn_robot,38.57,4,3600.7,0,,0.1633
66,"{'A': 0.0, 'B': 0.0, 'C': 0.0}",0,44.9,0.0,"{'A': 20, 'B': 29, 'C': 5}",54,640.9,53.5,10.237,"{'A': 0.0, 'B': 0.0, 'C': 0.0}",0.0,53.5,ns_symbolic_only,53,worn_robot,48.88,5,3600.2,0,,0.1896
50,"{'A': 0.0, 'B': 0.0, 'C': 0.0}",3,44.93,0.0,"{'A': 11, 'B': 19, 'C': 4}",34,479.1,89.6,7.365,"{'A': 0.0, 'B': 0.0, 'C': 0.0}",0.0,82.9,ns_symbolic_only,32,worn_robot,30.32,6,3600.5,0,,0.2166
66,"{'A': 0.0, 'B': 0.0, 'C': 0.0}",0,44.9,0.0,"{'A': 19, 'B': 30, 'C': 4}",53,642.9,53.6,10.207,"{'A': 0.0, 'B': 0.0, 'C': 0.0}",0.0,53.6,ns_symbolic_only,53,worn_robot,47.9,7,3600.4,0,,0.1926
62,"{'A': 0.0, 'B': 0.0, 'C': 0.0}",1,44.9,0.0,"{'A': 20, 'B': 30, 'C': 4}",54,614.1,60.7,9.692,"{'A': 0.0, 'B': 0.0, 'C': 0.0}",0.0,60.7,ns_symbolic_only,53,worn_robot,49.15,8,3600.6,0,,0.1795
48,"{'A': 0.0, 'B': 0.0, 'C': 0.0}",2,44.93,0.0,"{'A': 19, 'B': 29, 'C': 5}",53,457.1,92.0,7.316,"{'A': 0.0, 'B': 0.0, 'C': 0.0}",0.0,87.2,ns_symbolic_only,53,worn_robot,49.34,9,3600.0,0,,0.138
44,"{'A': 82.9, 'B': 116.7, 'C': 0.0}",1,44.93,0.0,"{'A': 14, 'B': 30, 'C': 2}",46,455.8,95.5,7.181,"{'A': 0.46, 'B': 0.97, 'C': 0.0}",1.43,71.9,ns_symbolic_only,52,worn_robot,40.98,10,3600.8,0,,0.1561
46,"{'A': 0.0, 'B': 64.3, 'C': 0.0}",1,44.93,0.0,"{'A': 19, 'B': 31, 'C': 4}",54,459.7,93.0,7.361,"{'A': 0.0, 'B': 0.54, 'C': 0.0}",0.54,73.6,ns_symbolic_only,52,worn_robot,49.78,11,3600.8,0,,0.1363
63,"{'A': 0.0, 'B': 0.0, 'C': 0.0}",1,44.9,0.0,"{'A': 19, 'B': 30, 'C': 5}",54,605.5,61.0,9.63,"{'A': 0.0, 'B': 0.0, 'C': 0.0}",0.0,61.0,ns_symbolic_only,54,worn_robot,49.19,12,3600.5,0,,0.1783
57,"{'A': 0.0, 'B': 0.0, 'C': 0.0}",2,44.92,0.0,"{'A': 21, 'B': 21, 'C': 4}",46,533.6,76.3,8.447,"{'A': 0.0, 'B': 0.0, 'C': 0.0}",0.0,76.3,ns_symbolic_only,45,worn_robot,41.78,13,3600.2,0,,0.1836
65,"{'A': 0.0, 'B': 0.0, 'C': 0.0}",0,44.9,0.0,"{'A': 20, 'B': 31, 'C': 4}",55,644.1,53.5,10.241,"{'A': 0.0, 'B': 0.0, 'C': 0.0}",0.0,53.5,ns_symbolic_only,54,worn_robot,49.88,14,3600.5,0,,0.1862
66,"{'A': 0.0, 'B': 0.0, 'C': 0.0}",0,44.9,0.0,"{'A': 20, 'B': 31, 'C': 4}",55,643.8,53.5,10.225,"{'A': 0.0, 'B': 0.0, 'C': 0.0}",0.0,53.5,ns_symbolic_only,54,worn_robot,49.89,15,3600.7,0,,0.1859
65,"{'A': 0.0, 'B': 0.0, 'C': 0.0}",0,44.9,0.0,"{'A': 19, 'B': 29, 'C': 5}",53,652.5,53.1,10.312,"{'A': 0.0, 'B': 0.0, 'C': 0.0}",0.0,53.1,ns_symbolic_only,53,worn_robot,47.84,16,3600.0,0,,0.1946
65,"{'A': 0.0, 'B': 0.0, 'C': 0.0}",0,44.9,0.0,"{'A': 20, 'B': 30, 'C': 3}",53,648.8,53.5,10.223,"{'A': 0.0, 'B': 0.0, 'C': 0.0}",0.0,53.5,ns_symbolic_only,51,worn_robot,47.89,17,3600.7,0,,0.1929
44,"{'A': 0.0, 'B': 0.0, 'C': 0.0}",1,44.93,0.0,"{'A': 13, 'B': 14, 'C': 3}",30,436.2,98.3,6.819,"{'A': 0.0, 'B': 0.0, 'C': 0.0}",0.0,70.7,ns_symbolic_only,45,worn_robot,26.59,18,3600.4,0,,0.2273
65,"{'A': 0.0, 'B': 0.0, 'C': 0.0}",0,44.9,0.0,"{'A': 19, 'B': 29, 'C': 4}",52,649.2,53.5,10.238,"{'A': 0.0, 'B': 0.0, 'C': 0.0}",0.0,53.5,ns_symbolic_only,51,worn_robot,46.88,19,3600.6,0,,0.1969
