sim_time_s,section_id,status,factory_time_s,produced_total,picked_total,buffer_units,buffer_capacity,buffer_fill,rate_actual_per_hour,health_percent,time_to_full_s,fault_remaining_s,faults_total,lost_units,blocked_time_s
3.62,B,RUNNING,0.0,0,0,2,10,0.2,30.0,100.0,944.3653,0.0,0,0.0,0.0
4.0,B,RUNNING,0.38,0,0,2,10,0.2,30.0,100.0,943.9853,0.0,0,0.0,0.0
5.0,B,RUNNING,1.38,0,0,2,10,0.2,30.0,100.0,942.9853,0.0,0,0.0,0.0
6.0,B,RUNNING,2.38,0,0,2,10,0.2,30.0,100.0,941.9853,0.0,0,0.0,0.0
7.0,B,RUNNING,3.38,0,0,2,10,0.2,30.0,100.0,940.9853,0.0,0,0.0,0.0
8.0,B,RUNNING,4.38,0,0,2,10,0.2,30.0,100.0,939.9853,0.0,0,0.0,0.0
9.0,B,RUNNING,5.38,0,0,2,10,0.2,30.0,100.0,938.9853,0.0,0,0.0,0.0
10.0,B,RUNNING,6.38,0,0,2,10,0.2,30.0,100.0,937.9853,0.0,0,0.0,0.0
11.0,B,RUNNING,7.38,0,0,2,10,0.2,30.0,100.0,936.9853,0.0,0,0.0,0.0
12.0,B,RUNNING,8.38,0,0,2,10,0.2,30.0,100.0,935.9853,0.0,0,0.0,0.0
13.0,B,RUNNING,9.38,0,0,2,10,0.2,30.0,100.0,934.9853,0.0,0,0.0,0.0
14.0,B,RUNNING,10.38,0,0,2,10,0.2,30.0,100.0,933.9853,0.0,0,0.0,0.0
15.0,B,RUNNING,11.38,0,0,2,10,0.2,30.0,100.0,932.9853,0.0,0,0.0,0.0
16.0,B,RUNNING,12.38,0,0,2,10,0.2,30.0,100.0,931.9853,0.0,0,0.0,0.0
17.0,B,RUNNING,13.38,0,0,2,10,0.2,30.0,100.0,930.9853,0.0,0,0.0,0.0
18.0,B,RUNNING,14.384,0,0,2,10,0.2,30.0,100.0,929.9813,0.0,0,0.0,0.0
19.0,B,RUNNING,15.38,0,0,2,10,0.2,30.0,100.0,928.9853,0.0,0,0.0,0.0
20.0,B,RUNNING,16.38,0,0,2,10,0.2,30.0,100.0,927.9853,0.0,0,0.0,0.0
21.0,B,RUNNING,17.38,0,0,2,10,0.2,30.0,100.0,926.9853,0.0,0,0.0,0.0
22.0,B,RUNNING,18.38,0,0,2,10,0.2,30.0,100.0,925.9853,0.0,0,0.0,0.0
23.0,B,RUNNING,19.38,0,0,2,10,0.2,30.0,100.0,924.9853,0.0,0,0.0,0.0
24.0,B,RUNNING,20.38,0,0,2,10,0.2,30.0,100.0,923.9853,0.0,0,0.0,0.0
25.0,B,RUNNING,21.38,0,0,2,10,0.2,30.0,100.0,922.9853,0.0,0,0.0,0.0
26.0,B,RUNNING,22.38,0,0,2,10,0.2,30.0,100.0,921.9853,0.0,0,0.0,0.0
27.0,B,RUNNING,23.38,0,0,2,10,0.2,30.0,100.0,920.9853,0.0,0,0.0,0.0
28.0,B,RUNNING,24.38,0,0,2,10,0.2,30.0,100.0,919.9853,0.0,0,0.0,0.0
29.0,B,RUNNING,25.38,0,0,2,10,0.2,30.0,100.0,918.9853,0.0,0,0.0,0.0
30.0,B,RUNNING,26.38,0,0,2,10,0.2,30.0,100.0,917.9853,0.0,0,0.0,0.0
31.0,B,RUNNING,27.38,0,0,2,10,0.2,30.0,100.0,916.9853,0.0,0,0.0,0.0
32.0,B,RUNNING,28.38,0,0,2,10,0.2,30.0,100.0,915.9853,0.0,0,0.0,0.0
33.0,B,RUNNING,29.38,0,0,2,10,0.2,30.0,100.0,914.9853,0.0,0,0.0,0.0
34.0,B,RUNNING,30.38,0,0,2,10,0.2,30.0,100.0,913.9853,0.0,0,0.0,0.0
35.0,B,RUNNING,31.38,0,0,2,10,0.2,30.0,100.0,912.9853,0.0,0,0.0,0.0
36.0,B,RUNNING,32.38,0,0,2,10,0.2,30.0,100.0,911.9853,0.0,0,0.0,0.0
37.0,B,RUNNING,33.38,0,0,2,10,0.2,30.0,100.0,910.9853,0.0,0,0.0,0.0
38.0,B,RUNNING,34.38,0,0,2,10,0.2,30.0,100.0,909.9853,0.0,0,0.0,0.0
39.0,B,RUNNING,35.38,0,0,2,10,0.2,30.0,100.0,908.9853,0.0,0,0.0,0.0
40.0,B,RUNNING,36.38,0,0,2,10,0.2,30.0,100.0,907.9853,0.0,0,0.0,0.0
41.0,B,RUNNING,37.38,0,0,2,10,0.2,30.0,100.0,906.9853,0.0,0,0.0,0.0
42.0,B,RUNNING,38.38,0,0,2,10,0.2,30.0,100.0,905.9853,0.0,0,0.0,0.0
43.0,B,RUNNING,39.38,0,0,2,10,0.2,30.0,100.0,904.9853,0.0,0,0.0,0.0
44.0,B,RUNNING,40.38,0,0,2,10,0.2,30.0,100.0,903.9853,0.0,0,0.0,0.0
45.0,B,RUNNING,41.38,0,0,2,10,0.2,30.0,100.0,902.9853,0.0,0,0.0,0.0
46.0,B,RUNNING,42.38,0,0,2,10,0.2,30.0,100.0,901.9853,0.0,0,0.0,0.0
47.0,B,RUNNING,43.38,0,0,2,10,0.2,30.0,100.0,900.9853,0.0,0,0.0,0.0
48.0,B,RUNNING,44.38,0,0,2,10,0.2,30.0,100.0,899.9853,0.0,0,0.0,0.0
49.0,B,RUNNING,45.38,0,0,2,10,0.2,30.0,100.0,898.9853,0.0,0,0.0,0.0
50.0,B,RUNNING,46.38,0,0,2,10,0.2,30.0,100.0,897.9853,0.0,0,0.0,0.0
51.0,B,RUNNING,47.38,0,0,2,10,0.2,30.0,100.0,896.9853,0.0,0,0.0,0.0
52.0,B,RUNNING,48.38,0,0,2,10,0.2,30.0,100.0,895.9853,0.0,0,0.0,0.0
53.0,B,RUNNING,49.38,0,0,2,10,0.2,30.0,100.0,894.9853,0.0,0,0.0,0.0
54.0,B,RUNNING,50.38,0,0,2,10,0.2,30.0,100.0,893.9853,0.0,0,0.0,0.0
55.0,B,RUNNING,51.38,0,0,2,10,0.2,30.0,100.0,892.9853,0.0,0,0.0,0.0
56.0,B,RUNNING,52.38,0,0,2,10,0.2,30.0,100.0,891.9853,0.0,0,0.0,0.0
57.0,B,RUNNING,53.38,0,0,2,10,0.2,30.0,100.0,890.9853,0.0,0,0.0,0.0
58.0,B,RUNNING,54.38,0,0,2,10,0.2,30.0,100.0,889.9853,0.0,0,0.0,0.0
59.0,B,RUNNING,55.38,0,0,2,10,0.2,30.0,100.0,888.9853,0.0,0,0.0,0.0
60.0,B,RUNNING,56.38,0,0,2,10,0.2,30.0,100.0,887.9853,0.0,0,0.0,0.0
61.0,B,RUNNING,57.38,0,0,2,10,0.2,30.0,100.0,886.9853,0.0,0,0.0,0.0
62.0,B,RUNNING,58.38,0,0,2,10,0.2,30.0,100.0,885.9853,0.0,0,0.0,0.0
63.0,B,RUNNING,59.38,0,0,2,10,0.2,30.0,100.0,884.9853,0.0,0,0.0,0.0
64.0,B,RUNNING,60.38,0,0,2,10,0.2,30.0,100.0,883.9853,0.0,0,0.0,0.0
65.0,B,RUNNING,61.38,0,0,2,10,0.2,30.0,100.0,882.9853,0.0,0,0.0,0.0
66.0,B,RUNNING,62.38,0,0,2,10,0.2,30.0,100.0,881.9853,0.0,0,0.0,0.0
67.0,B,RUNNING,63.38,0,0,2,10,0.2,30.0,100.0,880.9853,0.0,0,0.0,0.0
68.0,B,RUNNING,64.38,0,0,2,10,0.2,30.0,100.0,879.9853,0.0,0,0.0,0.0
69.0,B,RUNNING,65.38,0,0,2,10,0.2,30.0,100.0,878.9853,0.0,0,0.0,0.0
70.0,B,RUNNING,66.38,0,0,2,10,0.2,30.0,100.0,877.9853,0.0,0,0.0,0.0
71.0,B,RUNNING,67.38,0,0,2,10,0.2,30.0,100.0,876.9853,0.0,0,0.0,0.0
72.0,B,RUNNING,68.38,0,0,2,10,0.2,30.0,100.0,875.9853,0.0,0,0.0,0.0
73.0,B,RUNNING,69.38,0,0,2,10,0.2,30.0,100.0,874.9853,0.0,0,0.0,0.0
74.0,B,RUNNING,70.38,0,0,2,10,0.2,30.0,100.0,873.9853,0.0,0,0.0,0.0
75.0,B,RUNNING,71.38,0,0,2,10,0.2,30.0,100.0,872.9853,0.0,0,0.0,0.0
76.0,B,RUNNING,72.38,0,0,2,10,0.2,30.0,100.0,871.9853,0.0,0,0.0,0.0
77.0,B,RUNNING,73.38,0,2,0,10,0.0,30.0,100.0,1110.9853,0.0,0,0.0,0.0
78.0,B,RUNNING,74.38,0,2,0,10,0.0,30.0,100.0,1109.9853,0.0,0,0.0,0.0
79.0,B,RUNNING,75.38,0,2,0,10,0.0,30.0,100.0,1108.9853,0.0,0,0.0,0.0
80.0,B,RUNNING,76.38,0,2,0,10,0.0,30.0,100.0,1107.9853,0.0,0,0.0,0.0
81.0,B,RUNNING,77.38,0,2,0,10,0.0,30.0,100.0,1106.9853,0.0,0,0.0,0.0
82.0,B,RUNNING,78.38,0,2,0,10,0.0,30.0,100.0,1105.9853,0.0,0,0.0,0.0
83.0,B,RUNNING,79.38,0,2,0,10,0.0,30.0,100.0,1104.9853,0.0,0,0.0,0.0
84.0,B,RUNNING,80.38,0,2,0,10,0.0,30.0,100.0,1103.9853,0.0,0,0.0,0.0
85.0,B,RUNNING,81.38,0,2,0,10,0.0,30.0,100.0,1102.9853,0.0,0,0.0,0.0
86.0,B,RUNNING,82.38,0,2,0,10,0.0,30.0,100.0,1101.9853,0.0,0,0.0,0.0
87.0,B,RUNNING,83.38,0,2,0,10,0.0,30.0,100.0,1100.9853,0.0,0,0.0,0.0
88.0,B,RUNNING,84.38,0,2,0,10,0.0,30.0,100.0,1099.9853,0.0,0,0.0,0.0
89.0,B,RUNNING,85.38,0,2,0,10,0.0,30.0,100.0,1098.9853,0.0,0,0.0,0.0
90.0,B,RUNNING,86.38,0,2,0,10,0.0,30.0,100.0,1097.9853,0.0,0,0.0,0.0
91.0,B,RUNNING,87.38,0,2,0,10,0.0,30.0,100.0,1096.9853,0.0,0,0.0,0.0
92.0,B,RUNNING,88.38,0,2,0,10,0.0,30.0,100.0,1095.9853,0.0,0,0.0,0.0
93.0,B,RUNNING,89.38,0,2,0,10,0.0,30.0,100.0,1094.9853,0.0,0,0.0,0.0
94.0,B,RUNNING,90.38,0,2,0,10,0.0,30.0,100.0,1093.9853,0.0,0,0.0,0.0
95.0,B,RUNNING,91.38,0,2,0,10,0.0,30.0,100.0,1092.9853,0.0,0,0.0,0.0
96.0,B,RUNNING,92.38,0,2,0,10,0.0,30.0,100.0,1091.9853,0.0,0,0.0,0.0
97.0,B,RUNNING,93.38,0,2,0,10,0.0,30.0,100.0,1090.9853,0.0,0,0.0,0.0
98.0,B,RUNNING,94.38,0,2,0,10,0.0,30.0,100.0,1089.9853,0.0,0,0.0,0.0
99.0,B,RUNNING,95.38,0,2,0,10,0.0,30.0,100.0,1088.9853,0.0,0,0.0,0.0
100.0,B,RUNNING,96.38,0,2,0,10,0.0,30.0,100.0,1087.9853,0.0,0,0.0,0.0
101.0,B,RUNNING,97.38,0,2,0,10,0.0,30.0,100.0,1086.9853,0.0,0,0.0,0.0
102.0,B,RUNNING,98.38,0,2,0,10,0.0,30.0,100.0,1085.9853,0.0,0,0.0,0.0
103.0,B,RUNNING,99.38,0,2,0,10,0.0,30.0,100.0,1084.9853,0.0,0,0.0,0.0
104.0,B,RUNNING,100.38,0,2,0,10,0.0,30.0,100.0,1083.9853,0.0,0,0.0,0.0
105.0,B,RUNNING,101.38,0,2,0,10,0.0,30.0,100.0,1082.9853,0.0,0,0.0,0.0
106.0,B,RUNNING,102.38,0,2,0,10,0.0,30.0,100.0,1081.9853,0.0,0,0.0,0.0
107.0,B,RUNNING,103.38,0,2,0,10,0.0,30.0,100.0,1080.9853,0.0,0,0.0,0.0
108.0,B,RUNNING,104.38,1,2,1,10,0.1,30.0,99.9,1069.4436,0.0,0,0.0,0.0
109.0,B,RUNNING,105.38,1,2,1,10,0.1,30.0,99.9,1068.4436,0.0,0,0.0,0.0
110.0,B,RUNNING,106.38,1,2,1,10,0.1,30.0,99.9,1067.4436,0.0,0,0.0,0.0
111.0,B,RUNNING,107.38,1,2,1,10,0.1,30.0,99.9,1066.4436,0.0,0,0.0,0.0
112.0,B,RUNNING,108.38,1,2,1,10,0.1,30.0,99.9,1065.4436,0.0,0,0.0,0.0
113.0,B,RUNNING,109.38,1,2,1,10,0.1,30.0,99.9,1064.4436,0.0,0,0.0,0.0
114.0,B,RUNNING,110.38,1,2,1,10,0.1,30.0,99.9,1063.4436,0.0,0,0.0,0.0
115.0,B,RUNNING,111.38,1,2,1,10,0.1,30.0,99.9,1062.4436,0.0,0,0.0,0.0
116.0,B,RUNNING,112.38,1,2,1,10,0.1,30.0,99.9,1061.4436,0.0,0,0.0,0.0
117.0,B,RUNNING,113.38,1,2,1,10,0.1,30.0,99.9,1060.4436,0.0,0,0.0,0.0
118.0,B,RUNNING,114.38,1,2,1,10,0.1,30.0,99.9,1059.4436,0.0,0,0.0,0.0
119.0,B,RUNNING,115.38,1,2,1,10,0.1,30.0,99.9,1058.4436,0.0,0,0.0,0.0
120.0,B,RUNNING,116.38,1,2,1,10,0.1,30.0,99.9,1057.4436,0.0,0,0.0,0.0
121.0,B,RUNNING,117.38,1,2,1,10,0.1,30.0,99.9,1056.4436,0.0,0,0.0,0.0
122.0,B,RUNNING,118.38,1,2,1,10,0.1,30.0,99.9,1055.4436,0.0,0,0.0,0.0
123.0,B,RUNNING,119.38,1,2,1,10,0.1,30.0,99.9,1054.4436,0.0,0,0.0,0.0
124.0,B,RUNNING,120.38,1,2,1,10,0.1,30.0,99.9,1053.4436,0.0,0,0.0,0.0
125.0,B,RUNNING,121.38,1,2,1,10,0.1,30.0,99.9,1052.4436,0.0,0,0.0,0.0
126.0,B,RUNNING,122.38,1,2,1,10,0.1,30.0,99.9,1051.4436,0.0,0,0.0,0.0
127.0,B,RUNNING,123.38,1,2,1,10,0.1,30.0,99.9,1050.4436,0.0,0,0.0,0.0
128.0,B,RUNNING,124.38,1,2,1,10,0.1,30.0,99.9,1049.4436,0.0,0,0.0,0.0
129.0,B,RUNNING,125.38,1,2,1,10,0.1,30.0,99.9,1048.4436,0.0,0,0.0,0.0
130.0,B,RUNNING,126.38,1,2,1,10,0.1,30.0,99.9,1047.4436,0.0,0,0.0,0.0
131.0,B,RUNNING,127.38,1,2,1,10,0.1,30.0,99.9,1046.4436,0.0,0,0.0,0.0
132.0,B,RUNNING,128.38,1,2,1,10,0.1,30.0,99.9,1045.4436,0.0,0,0.0,0.0
133.0,B,RUNNING,129.38,1,2,1,10,0.1,30.0,99.9,1044.4436,0.0,0,0.0,0.0
134.0,B,RUNNING,130.38,1,2,1,10,0.1,30.0,99.9,1043.4436,0.0,0,0.0,0.0
135.0,B,RUNNING,131.38,1,2,1,10,0.1,30.0,99.9,1042.4436,0.0,0,0.0,0.0
136.0,B,RUNNING,132.38,1,2,1,10,0.1,30.0,99.9,1041.4436,0.0,0,0.0,0.0
137.0,B,RUNNING,133.38,1,2,1,10,0.1,30.0,99.9,1040.4436,0.0,0,0.0,0.0
138.0,B,RUNNING,134.38,1,2,1,10,0.1,30.0,99.9,1039.4436,0.0,0,0.0,0.0
139.0,B,RUNNING,135.38,1,2,1,10,0.1,30.0,99.9,1038.4436,0.0,0,0.0,0.0
140.0,B,RUNNING,136.38,1,2,1,10,0.1,30.0,99.9,1037.4436,0.0,0,0.0,0.0
141.0,B,RUNNING,137.38,1,2,1,10,0.1,30.0,99.9,1036.4436,0.0,0,0.0,0.0
142.0,B,RUNNING,138.38,1,2,1,10,0.1,30.0,99.9,1035.4436,0.0,0,0.0,0.0
143.0,B,RUNNING,139.38,1,2,1,10,0.1,30.0,99.9,1034.4436,0.0,0,0.0,0.0
144.0,B,RUNNING,140.38,1,2,1,10,0.1,30.0,99.9,1033.4436,0.0,0,0.0,0.0
145.0,B,RUNNING,141.38,1,2,1,10,0.1,30.0,99.9,1032.4436,0.0,0,0.0,0.0
146.0,B,RUNNING,142.38,1,2,1,10,0.1,30.0,99.9,1031.4436,0.0,0,0.0,0.0
147.0,B,RUNNING,143.38,1,2,1,10,0.1,30.0,99.9,1030.4436,0.0,0,0.0,0.0
148.0,B,RUNNING,144.38,1,2,1,10,0.1,30.0,99.9,1029.4436,0.0,0,0.0,0.0
149.0,B,RUNNING,145.38,1,2,1,10,0.1,30.0,99.9,1028.4436,0.0,0,0.0,0.0
150.0,B,RUNNING,146.38,1,2,1,10,0.1,30.0,99.9,1027.4436,0.0,0,0.0,0.0
151.0,B,RUNNING,147.38,1,2,1,10,0.1,30.0,99.9,1026.4436,0.0,0,0.0,0.0
152.0,B,RUNNING,148.38,1,2,1,10,0.1,30.0,99.9,1025.4436,0.0,0,0.0,0.0
153.0,B,RUNNING,149.38,1,2,1,10,0.1,30.0,99.9,1024.4436,0.0,0,0.0,0.0
154.0,B,RUNNING,150.38,1,2,1,10,0.1,30.0,99.9,1023.4436,0.0,0,0.0,0.0
155.0,B,RUNNING,151.38,1,2,1,10,0.1,30.0,99.9,1022.4436,0.0,0,0.0,0.0
156.0,B,RUNNING,152.38,1,2,1,10,0.1,30.0,99.9,1021.4436,0.0,0,0.0,0.0
157.0,B,RUNNING,153.384,1,2,1,10,0.1,30.0,99.9,1020.4396,0.0,0,0.0,0.0
158.0,B,RUNNING,154.38,1,2,1,10,0.1,30.0,99.9,1019.4436,0.0,0,0.0,0.0
159.0,B,RUNNING,155.38,1,2,1,10,0.1,30.0,99.9,1018.4436,0.0,0,0.0,0.0
160.0,B,RUNNING,156.38,1,2,1,10,0.1,30.0,99.9,1017.4436,0.0,0,0.0,0.0
161.0,B,RUNNING,157.38,1,2,1,10,0.1,30.0,99.9,1016.4436,0.0,0,0.0,0.0
162.0,B,RUNNING,158.38,1,2,1,10,0.1,30.0,99.9,1015.4436,0.0,0,0.0,0.0
163.0,B,RUNNING,159.38,1,2,1,10,0.1,30.0,99.9,1014.4436,0.0,0,0.0,0.0
164.0,B,RUNNING,160.38,1,2,1,10,0.1,30.0,99.9,1013.4436,0.0,0,0.0,0.0
165.0,B,RUNNING,161.38,1,2,1,10,0.1,30.0,99.9,1012.4436,0.0,0,0.0,0.0
166.0,B,RUNNING,162.38,1,2,1,10,0.1,30.0,99.9,1011.4436,0.0,0,0.0,0.0
167.0,B,RUNNING,163.38,1,2,1,10,0.1,30.0,99.9,1010.4436,0.0,0,0.0,0.0
168.0,B,RUNNING,164.38,1,2,1,10,0.1,30.0,99.9,1009.4436,0.0,0,0.0,0.0
169.0,B,RUNNING,165.38,1,2,1,10,0.1,30.0,99.9,1008.4436,0.0,0,0.0,0.0
170.0,B,RUNNING,166.38,1,2,1,10,0.1,30.0,99.9,1007.4436,0.0,0,0.0,0.0
171.0,B,RUNNING,167.38,1,2,1,10,0.1,30.0,99.9,1006.4436,0.0,0,0.0,0.0
172.0,B,RUNNING,168.38,1,2,1,10,0.1,30.0,99.9,1005.4436,0.0,0,0.0,0.0
173.0,B,RUNNING,169.38,1,2,1,10,0.1,30.0,99.9,1004.4436,0.0,0,0.0,0.0
174.0,B,RUNNING,170.38,1,2,1,10,0.1,30.0,99.9,1003.4436,0.0,0,0.0,0.0
175.0,B,RUNNING,171.38,1,2,1,10,0.1,30.0,99.9,1002.4436,0.0,0,0.0,0.0
176.0,B,RUNNING,172.38,1,2,1,10,0.1,30.0,99.9,1001.4436,0.0,0,0.0,0.0
177.0,B,RUNNING,173.38,1,2,1,10,0.1,30.0,99.9,1000.4436,0.0,0,0.0,0.0
178.0,B,RUNNING,174.38,1,2,1,10,0.1,30.0,99.9,999.4436,0.0,0,0.0,0.0
179.0,B,RUNNING,175.38,1,2,1,10,0.1,30.0,99.9,998.4436,0.0,0,0.0,0.0
180.0,B,RUNNING,176.38,1,2,1,10,0.1,30.0,99.9,997.4436,0.0,0,0.0,0.0
181.0,B,RUNNING,177.38,1,2,1,10,0.1,30.0,99.9,996.4436,0.0,0,0.0,0.0
182.0,B,RUNNING,178.38,1,2,1,10,0.1,30.0,99.9,995.4436,0.0,0,0.0,0.0
183.0,B,RUNNING,179.38,1,2,1,10,0.1,30.0,99.9,994.4436,0.0,0,0.0,0.0
184.0,B,RUNNING,180.38,1,2,1,10,0.1,30.0,99.9,993.4436,0.0,0,0.0,0.0
185.0,B,RUNNING,181.38,1,2,1,10,0.1,30.0,99.9,992.4436,0.0,0,0.0,0.0
186.0,B,RUNNING,182.38,1,2,1,10,0.1,30.0,99.9,991.4436,0.0,0,0.0,0.0
187.0,B,RUNNING,183.38,1,3,0,10,0.0,30.0,99.9,1110.4436,0.0,0,0.0,0.0
188.0,B,RUNNING,184.38,1,3,0,10,0.0,30.0,99.9,1109.4436,0.0,0,0.0,0.0
189.0,B,RUNNING,185.38,1,3,0,10,0.0,30.0,99.9,1108.4436,0.0,0,0.0,0.0
190.0,B,RUNNING,186.38,1,3,0,10,0.0,30.0,99.9,1107.4436,0.0,0,0.0,0.0
191.0,B,RUNNING,187.38,1,3,0,10,0.0,30.0,99.9,1106.4436,0.0,0,0.0,0.0
192.0,B,RUNNING,188.38,1,3,0,10,0.0,30.0,99.9,1105.4436,0.0,0,0.0,0.0
193.0,B,RUNNING,189.38,1,3,0,10,0.0,30.0,99.9,1104.4436,0.0,0,0.0,0.0
194.0,B,RUNNING,190.38,1,3,0,10,0.0,30.0,99.9,1103.4436,0.0,0,0.0,0.0
195.0,B,RUNNING,191.38,1,3,0,10,0.0,30.0,99.9,1102.4436,0.0,0,0.0,0.0
196.0,B,RUNNING,192.38,1,3,0,10,0.0,30.0,99.9,1101.4436,0.0,0,0.0,0.0
197.0,B,RUNNING,193.38,1,3,0,10,0.0,30.0,99.9,1100.4436,0.0,0,0.0,0.0
198.0,B,RUNNING,194.38,1,3,0,10,0.0,30.0,99.9,1099.4436,0.0,0,0.0,0.0
199.0,B,RUNNING,195.38,1,3,0,10,0.0,30.0,99.9,1098.4436,0.0,0,0.0,0.0
200.0,B,RUNNING,196.38,1,3,0,10,0.0,30.0,99.9,1097.4436,0.0,0,0.0,0.0
201.0,B,RUNNING,197.38,1,3,0,10,0.0,30.0,99.9,1096.4436,0.0,0,0.0,0.0
202.0,B,RUNNING,198.38,1,3,0,10,0.0,30.0,99.9,1095.4436,0.0,0,0.0,0.0
203.0,B,RUNNING,199.38,1,3,0,10,0.0,30.0,99.9,1094.4436,0.0,0,0.0,0.0
204.0,B,RUNNING,200.38,1,3,0,10,0.0,30.0,99.9,1093.4436,0.0,0,0.0,0.0
205.0,B,RUNNING,201.38,1,3,0,10,0.0,30.0,99.9,1092.4436,0.0,0,0.0,0.0
206.0,B,RUNNING,202.38,1,3,0,10,0.0,30.0,99.9,1091.4436,0.0,0,0.0,0.0
207.0,B,RUNNING,203.38,1,3,0,10,0.0,30.0,99.9,1090.4436,0.0,0,0.0,0.0
208.0,B,RUNNING,204.38,1,3,0,10,0.0,30.0,99.9,1089.4436,0.0,0,0.0,0.0
209.0,B,RUNNING,205.38,1,3,0,10,0.0,30.0,99.9,1088.4436,0.0,0,0.0,0.0
210.0,B,RUNNING,206.38,1,3,0,10,0.0,30.0,99.9,1087.4436,0.0,0,0.0,0.0
211.0,B,RUNNING,207.38,1,3,0,10,0.0,30.0,99.9,1086.4436,0.0,0,0.0,0.0
212.0,B,RUNNING,208.38,1,3,0,10,0.0,30.0,99.9,1085.4436,0.0,0,0.0,0.0
213.0,B,RUNNING,209.38,1,3,0,10,0.0,30.0,99.9,1084.4436,0.0,0,0.0,0.0
214.0,B,RUNNING,210.38,1,3,0,10,0.0,30.0,99.9,1083.4436,0.0,0,0.0,0.0
215.0,B,RUNNING,211.38,1,3,0,10,0.0,30.0,99.9,1082.4436,0.0,0,0.0,0.0
216.0,B,RUNNING,212.38,1,3,0,10,0.0,30.0,99.9,1081.4436,0.0,0,0.0,0.0
217.0,B,RUNNING,213.38,1,3,0,10,0.0,30.0,99.9,1080.4436,0.0,0,0.0,0.0
218.0,B,RUNNING,214.38,2,3,1,10,0.1,30.0,99.8,1097.8476,0.0,0,0.0,0.0
219.0,B,RUNNING,215.38,2,3,1,10,0.1,30.0,99.8,1096.8476,0.0,0,0.0,0.0
220.0,B,RUNNING,216.38,2,3,1,10,0.1,30.0,99.8,1095.8476,0.0,0,0.0,0.0
221.0,B,RUNNING,217.38,2,3,1,10,0.1,30.0,99.8,1094.8476,0.0,0,0.0,0.0
222.0,B,RUNNING,218.38,2,3,1,10,0.1,30.0,99.8,1093.8476,0.0,0,0.0,0.0
223.0,B,RUNNING,219.38,2,3,1,10,0.1,30.0,99.8,1092.8476,0.0,0,0.0,0.0
224.0,B,RUNNING,220.38,2,3,1,10,0.1,30.0,99.8,1091.8476,0.0,0,0.0,0.0
225.0,B,RUNNING,221.38,2,3,1,10,0.1,30.0,99.8,1090.8476,0.0,0,0.0,0.0
226.0,B,RUNNING,222.38,2,3,1,10,0.1,30.0,99.8,1089.8476,0.0,0,0.0,0.0
227.0,B,RUNNING,223.38,2,3,1,10,0.1,30.0,99.8,1088.8476,0.0,0,0.0,0.0
228.0,B,RUNNING,224.38,2,3,1,10,0.1,30.0,99.8,1087.8476,0.0,0,0.0,0.0
229.0,B,RUNNING,225.38,2,3,1,10,0.1,30.0,99.8,1086.8476,0.0,0,0.0,0.0
230.0,B,RUNNING,226.38,2,3,1,10,0.1,30.0,99.8,1085.8476,0.0,0,0.0,0.0
231.0,B,RUNNING,227.38,2,3,1,10,0.1,30.0,99.8,1084.8476,0.0,0,0.0,0.0
232.0,B,RUNNING,228.38,2,3,1,10,0.1,30.0,99.8,1083.8476,0.0,0,0.0,0.0
233.0,B,RUNNING,229.38,2,3,1,10,0.1,30.0,99.8,1082.8476,0.0,0,0.0,0.0
234.0,B,RUNNING,230.38,2,3,1,10,0.1,30.0,99.8,1081.8476,0.0,0,0.0,0.0
235.0,B,RUNNING,231.38,2,3,1,10,0.1,30.0,99.8,1080.8476,0.0,0,0.0,0.0
236.0,B,RUNNING,232.38,2,3,1,10,0.1,30.0,99.8,1079.8476,0.0,0,0.0,0.0
237.0,B,RUNNING,233.38,2,3,1,10,0.1,30.0,99.8,1078.8476,0.0,0,0.0,0.0
238.0,B,RUNNING,234.38,2,3,1,10,0.1,30.0,99.8,1077.8476,0.0,0,0.0,0.0
239.0,B,RUNNING,235.38,2,3,1,10,0.1,30.0,99.8,1076.8476,0.0,0,0.0,0.0
240.0,B,RUNNING,236.38,2,3,1,10,0.1,30.0,99.8,1075.8476,0.0,0,0.0,0.0
241.0,B,RUNNING,237.38,2,3,1,10,0.1,30.0,99.8,1074.8476,0.0,0,0.0,0.0
242.0,B,RUNNING,238.38,2,3,1,10,0.1,30.0,99.8,1073.8476,0.0,0,0.0,0.0
243.0,B,RUNNING,239.38,2,3,1,10,0.1,30.0,99.8,1072.8476,0.0,0,0.0,0.0
244.0,B,RUNNING,240.38,2,3,1,10,0.1,30.0,99.8,1071.8476,0.0,0,0.0,0.0
245.0,B,RUNNING,241.38,2,3,1,10,0.1,30.0,99.8,1070.8476,0.0,0,0.0,0.0
246.0,B,RUNNING,242.38,2,3,1,10,0.1,30.0,99.8,1069.8476,0.0,0,0.0,0.0
247.01,B,RUNNING,243.388,2,3,1,10,0.1,30.0,99.8,1068.8396,0.0,0,0.0,0.0
248.0,B,RUNNING,244.38,2,3,1,10,0.1,30.0,99.8,1067.8476,0.0,0,0.0,0.0
249.0,B,RUNNING,245.38,2,3,1,10,0.1,30.0,99.8,1066.8476,0.0,0,0.0,0.0
250.0,B,RUNNING,246.38,2,3,1,10,0.1,30.0,99.8,1065.8476,0.0,0,0.0,0.0
251.0,B,RUNNING,247.38,2,3,1,10,0.1,30.0,99.8,1064.8476,0.0,0,0.0,0.0
252.0,B,RUNNING,248.38,2,3,1,10,0.1,30.0,99.8,1063.8476,0.0,0,0.0,0.0
253.0,B,RUNNING,249.38,2,3,1,10,0.1,30.0,99.8,1062.8476,0.0,0,0.0,0.0
254.0,B,RUNNING,250.38,2,3,1,10,0.1,30.0,99.8,1061.8476,0.0,0,0.0,0.0
255.0,B,RUNNING,251.38,2,3,1,10,0.1,30.0,99.8,1060.8476,0.0,0,0.0,0.0
256.0,B,RUNNING,252.38,2,3,1,10,0.1,30.0,99.8,1059.8476,0.0,0,0.0,0.0
257.0,B,RUNNING,253.38,2,3,1,10,0.1,30.0,99.8,1058.8476,0.0,0,0.0,0.0
258.0,B,RUNNING,254.38,2,3,1,10,0.1,30.0,99.8,1057.8476,0.0,0,0.0,0.0
259.0,B,RUNNING,255.38,2,3,1,10,0.1,30.0,99.8,1056.8476,0.0,0,0.0,0.0
260.0,B,RUNNING,256.38,2,3,1,10,0.1,30.0,99.8,1055.8476,0.0,0,0.0,0.0
261.0,B,RUNNING,257.38,2,3,1,10,0.1,30.0,99.8,1054.8476,0.0,0,0.0,0.0
262.0,B,RUNNING,258.38,2,3,1,10,0.1,30.0,99.8,1053.8476,0.0,0,0.0,0.0
263.0,B,RUNNING,259.38,2,3,1,10,0.1,30.0,99.8,1052.8476,0.0,0,0.0,0.0
264.0,B,RUNNING,260.38,2,3,1,10,0.1,30.0,99.8,1051.8476,0.0,0,0.0,0.0
265.0,B,RUNNING,261.38,2,3,1,10,0.1,30.0,99.8,1050.8476,0.0,0,0.0,0.0
266.0,B,RUNNING,262.38,2,3,1,10,0.1,30.0,99.8,1049.8476,0.0,0,0.0,0.0
267.0,B,RUNNING,263.38,2,3,1,10,0.1,30.0,99.8,1048.8476,0.0,0,0.0,0.0
268.0,B,RUNNING,264.38,2,3,1,10,0.1,30.0,99.8,1047.8476,0.0,0,0.0,0.0
269.0,B,RUNNING,265.38,2,3,1,10,0.1,30.0,99.8,1046.8476,0.0,0,0.0,0.0
270.0,B,RUNNING,266.38,2,3,1,10,0.1,30.0,99.8,1045.8476,0.0,0,0.0,0.0
271.0,B,RUNNING,267.38,2,3,1,10,0.1,30.0,99.8,1044.8476,0.0,0,0.0,0.0
272.0,B,RUNNING,268.38,2,3,1,10,0.1,30.0,99.8,1043.8476,0.0,0,0.0,0.0
273.0,B,RUNNING,269.38,2,3,1,10,0.1,30.0,99.8,1042.8476,0.0,0,0.0,0.0
274.0,B,RUNNING,270.38,2,3,1,10,0.1,30.0,99.8,1041.8476,0.0,0,0.0,0.0
275.0,B,RUNNING,271.38,2,3,1,10,0.1,30.0,99.8,1040.8476,0.0,0,0.0,0.0
276.0,B,RUNNING,272.38,2,3,1,10,0.1,30.0,99.8,1039.8476,0.0,0,0.0,0.0
277.0,B,RUNNING,273.38,2,3,1,10,0.1,30.0,99.8,1038.8476,0.0,0,0.0,0.0
278.0,B,RUNNING,274.38,2,3,1,10,0.1,30.0,99.8,1037.8476,0.0,0,0.0,0.0
279.0,B,RUNNING,275.38,2,3,1,10,0.1,30.0,99.8,1036.8476,0.0,0,0.0,0.0
280.0,B,RUNNING,276.38,2,3,1,10,0.1,30.0,99.8,1035.8476,0.0,0,0.0,0.0
281.0,B,RUNNING,277.38,2,3,1,10,0.1,30.0,99.8,1034.8476,0.0,0,0.0,0.0
282.0,B,RUNNING,278.38,2,3,1,10,0.1,30.0,99.8,1033.8476,0.0,0,0.0,0.0
283.0,B,RUNNING,279.38,2,3,1,10,0.1,30.0,99.8,1032.8476,0.0,0,0.0,0.0
284.0,B,RUNNING,280.38,2,3,1,10,0.1,30.0,99.8,1031.8476,0.0,0,0.0,0.0
285.0,B,RUNNING,281.38,2,3,1,10,0.1,30.0,99.8,1030.8476,0.0,0,0.0,0.0
286.0,B,RUNNING,282.38,2,3,1,10,0.1,30.0,99.8,1029.8476,0.0,0,0.0,0.0
287.0,B,RUNNING,283.38,2,3,1,10,0.1,30.0,99.8,1028.8476,0.0,0,0.0,0.0
288.0,B,RUNNING,284.38,2,3,1,10,0.1,30.0,99.8,1027.8476,0.0,0,0.0,0.0
289.0,B,RUNNING,285.38,2,3,1,10,0.1,30.0,99.8,1026.8476,0.0,0,0.0,0.0
290.0,B,RUNNING,286.38,2,3,1,10,0.1,30.0,99.8,1025.8476,0.0,0,0.0,0.0
291.0,B,RUNNING,287.38,2,3,1,10,0.1,30.0,99.8,1024.8476,0.0,0,0.0,0.0
292.0,B,RUNNING,288.38,2,3,1,10,0.1,30.0,99.8,1023.8476,0.0,0,0.0,0.0
293.0,B,RUNNING,289.38,2,3,1,10,0.1,30.0,99.8,1022.8476,0.0,0,0.0,0.0
294.0,B,RUNNING,290.38,2,3,1,10,0.1,30.0,99.8,1021.8476,0.0,0,0.0,0.0
295.0,B,RUNNING,291.38,2,3,1,10,0.1,30.0,99.8,1020.8476,0.0,0,0.0,0.0
296.0,B,RUNNING,292.38,2,3,1,10,0.1,30.0,99.8,1019.8476,0.0,0,0.0,0.0
297.0,B,RUNNING,293.38,2,3,1,10,0.1,30.0,99.8,1018.8476,0.0,0,0.0,0.0
298.0,B,RUNNING,294.38,2,3,1,10,0.1,30.0,99.8,1017.8476,0.0,0,0.0,0.0
299.0,B,RUNNING,295.38,2,3,1,10,0.1,30.0,99.8,1016.8476,0.0,0,0.0,0.0
300.0,B,RUNNING,296.38,2,3,1,10,0.1,30.0,99.8,1015.8476,0.0,0,0.0,0.0
301.0,B,RUNNING,297.38,2,3,1,10,0.1,30.0,99.8,1014.8476,0.0,0,0.0,0.0
302.0,B,RUNNING,298.38,2,3,1,10,0.1,30.0,99.8,1013.8476,0.0,0,0.0,0.0
303.0,B,RUNNING,299.38,2,3,1,10,0.1,30.0,99.8,1012.8476,0.0,0,0.0,0.0
304.0,B,RUNNING,300.38,2,3,1,10,0.1,30.0,99.8,1011.8476,0.0,0,0.0,0.0
305.0,B,RUNNING,301.38,2,3,1,10,0.1,30.0,99.8,1010.8476,0.0,0,0.0,0.0
306.0,B,RUNNING,302.38,2,3,1,10,0.1,30.0,99.8,1009.8476,0.0,0,0.0,0.0
307.0,B,RUNNING,303.38,2,3,1,10,0.1,30.0,99.8,1008.8476,0.0,0,0.0,0.0
308.0,B,RUNNING,304.38,2,3,1,10,0.1,30.0,99.8,1007.8476,0.0,0,0.0,0.0
309.0,B,RUNNING,305.38,2,3,1,10,0.1,30.0,99.8,1006.8476,0.0,0,0.0,0.0
310.0,B,RUNNING,306.38,2,3,1,10,0.1,30.0,99.8,1005.8476,0.0,0,0.0,0.0
311.0,B,RUNNING,307.38,2,3,1,10,0.1,30.0,99.8,1004.8476,0.0,0,0.0,0.0
312.0,B,RUNNING,308.38,2,3,1,10,0.1,30.0,99.8,1003.8476,0.0,0,0.0,0.0
313.0,B,RUNNING,309.38,2,3,1,10,0.1,30.0,99.8,1002.8476,0.0,0,0.0,0.0
314.0,B,RUNNING,310.38,2,3,1,10,0.1,30.0,99.8,1001.8476,0.0,0,0.0,0.0
315.0,B,RUNNING,311.38,2,3,1,10,0.1,30.0,99.8,1000.8476,0.0,0,0.0,0.0
316.0,B,RUNNING,312.38,2,3,1,10,0.1,30.0,99.8,999.8476,0.0,0,0.0,0.0
317.0,B,RUNNING,313.38,2,3,1,10,0.1,30.0,99.8,998.8476,0.0,0,0.0,0.0
318.0,B,RUNNING,314.38,2,3,1,10,0.1,30.0,99.8,997.8476,0.0,0,0.0,0.0
319.0,B,RUNNING,315.38,2,3,1,10,0.1,30.0,99.8,996.8476,0.0,0,0.0,0.0
320.0,B,RUNNING,316.38,2,3,1,10,0.1,30.0,99.8,995.8476,0.0,0,0.0,0.0
321.0,B,RUNNING,317.38,2,3,1,10,0.1,30.0,99.8,994.8476,0.0,0,0.0,0.0
322.0,B,RUNNING,318.38,2,3,1,10,0.1,30.0,99.8,993.8476,0.0,0,0.0,0.0
323.0,B,RUNNING,319.38,2,3,1,10,0.1,30.0,99.8,992.8476,0.0,0,0.0,0.0
324.0,B,RUNNING,320.38,2,3,1,10,0.1,30.0,99.8,991.8476,0.0,0,0.0,0.0
325.0,B,RUNNING,321.38,2,3,1,10,0.1,30.0,99.8,990.8476,0.0,0,0.0,0.0
326.0,B,RUNNING,322.38,2,3,1,10,0.1,30.0,99.8,989.8476,0.0,0,0.0,0.0
327.0,B,RUNNING,323.38,2,3,1,10,0.1,30.0,99.8,988.8476,0.0,0,0.0,0.0
328.0,B,RUNNING,324.38,2,3,1,10,0.1,30.0,99.8,987.8476,0.0,0,0.0,0.0
329.0,B,RUNNING,325.38,2,3,1,10,0.1,30.0,99.8,986.8476,0.0,0,0.0,0.0
330.0,B,RUNNING,326.38,2,3,1,10,0.1,30.0,99.8,985.8476,0.0,0,0.0,0.0
331.0,B,RUNNING,327.38,2,3,1,10,0.1,30.0,99.8,984.8476,0.0,0,0.0,0.0
332.0,B,RUNNING,328.38,2,3,1,10,0.1,30.0,99.8,983.8476,0.0,0,0.0,0.0
333.0,B,RUNNING,329.38,2,3,1,10,0.1,30.0,99.8,982.8476,0.0,0,0.0,0.0
334.0,B,RUNNING,330.38,2,3,1,10,0.1,30.0,99.8,981.8476,0.0,0,0.0,0.0
335.0,B,RUNNING,331.38,2,3,1,10,0.1,30.0,99.8,980.8476,0.0,0,0.0,0.0
336.0,B,RUNNING,332.38,2,3,1,10,0.1,30.0,99.8,979.8476,0.0,0,0.0,0.0
337.0,B,RUNNING,333.38,2,3,1,10,0.1,30.0,99.8,978.8476,0.0,0,0.0,0.0
338.0,B,RUNNING,334.38,2,3,1,10,0.1,30.0,99.8,977.8476,0.0,0,0.0,0.0
339.0,B,RUNNING,335.38,2,3,1,10,0.1,30.0,99.8,976.8476,0.0,0,0.0,0.0
340.0,B,RUNNING,336.38,2,3,1,10,0.1,30.0,99.8,975.8476,0.0,0,0.0,0.0
341.0,B,RUNNING,337.38,2,3,1,10,0.1,30.0,99.8,974.8476,0.0,0,0.0,0.0
342.0,B,RUNNING,338.38,2,3,1,10,0.1,30.0,99.8,973.8476,0.0,0,0.0,0.0
343.0,B,RUNNING,339.38,2,3,1,10,0.1,30.0,99.8,972.8476,0.0,0,0.0,0.0
344.0,B,RUNNING,340.38,2,3,1,10,0.1,30.0,99.8,971.8476,0.0,0,0.0,0.0
345.0,B,RUNNING,341.38,2,3,1,10,0.1,30.0,99.8,970.8476,0.0,0,0.0,0.0
346.0,B,RUNNING,342.38,2,3,1,10,0.1,30.0,99.8,969.8476,0.0,0,0.0,0.0
347.0,B,RUNNING,343.38,2,3,1,10,0.1,30.0,99.8,968.8476,0.0,0,0.0,0.0
348.0,B,RUNNING,344.38,2,3,1,10,0.1,30.0,99.8,967.8476,0.0,0,0.0,0.0
349.0,B,RUNNING,345.38,2,3,1,10,0.1,30.0,99.8,966.8476,0.0,0,0.0,0.0
350.0,B,RUNNING,346.38,2,3,1,10,0.1,30.0,99.8,965.8476,0.0,0,0.0,0.0
351.0,B,RUNNING,347.38,2,3,1,10,0.1,30.0,99.8,964.8476,0.0,0,0.0,0.0
352.0,B,RUNNING,348.38,2,3,1,10,0.1,30.0,99.8,963.8476,0.0,0,0.0,0.0
353.0,B,RUNNING,349.38,2,3,1,10,0.1,30.0,99.8,962.8476,0.0,0,0.0,0.0
354.0,B,RUNNING,350.38,2,3,1,10,0.1,30.0,99.8,961.8476,0.0,0,0.0,0.0
355.0,B,RUNNING,351.38,2,3,1,10,0.1,30.0,99.8,960.8476,0.0,0,0.0,0.0
356.0,B,RUNNING,352.38,3,3,2,10,0.2,30.0,99.7,965.0313,0.0,0,0.0,0.0
357.0,B,RUNNING,353.38,3,3,2,10,0.2,30.0,99.7,964.0313,0.0,0,0.0,0.0
358.0,B,RUNNING,354.38,3,3,2,10,0.2,30.0,99.7,963.0313,0.0,0,0.0,0.0
359.0,B,RUNNING,355.38,3,3,2,10,0.2,30.0,99.7,962.0313,0.0,0,0.0,0.0
360.0,B,RUNNING,356.38,3,3,2,10,0.2,30.0,99.7,961.0313,0.0,0,0.0,0.0
361.0,B,RUNNING,357.38,3,3,2,10,0.2,30.0,99.7,960.0313,0.0,0,0.0,0.0
362.0,B,RUNNING,358.38,3,3,2,10,0.2,30.0,99.7,959.0313,0.0,0,0.0,0.0
363.0,B,RUNNING,359.38,3,3,2,10,0.2,30.0,99.7,958.0313,0.0,0,0.0,0.0
364.0,B,RUNNING,360.38,3,3,2,10,0.2,30.0,99.7,957.0313,0.0,0,0.0,0.0
365.0,B,RUNNING,361.38,3,3,2,10,0.2,30.0,99.7,956.0313,0.0,0,0.0,0.0
366.0,B,RUNNING,362.38,3,3,2,10,0.2,30.0,99.7,955.0313,0.0,0,0.0,0.0
367.0,B,RUNNING,363.38,3,3,2,10,0.2,30.0,99.7,954.0313,0.0,0,0.0,0.0
368.0,B,RUNNING,364.38,3,3,2,10,0.2,30.0,99.7,953.0313,0.0,0,0.0,0.0
369.0,B,RUNNING,365.38,3,3,2,10,0.2,30.0,99.7,952.0313,0.0,0,0.0,0.0
370.0,B,RUNNING,366.38,3,3,2,10,0.2,30.0,99.7,951.0313,0.0,0,0.0,0.0
371.0,B,RUNNING,367.38,3,3,2,10,0.2,30.0,99.7,950.0313,0.0,0,0.0,0.0
372.0,B,RUNNING,368.38,3,3,2,10,0.2,30.0,99.7,949.0313,0.0,0,0.0,0.0
373.0,B,RUNNING,369.38,3,3,2,10,0.2,30.0,99.7,948.0313,0.0,0,0.0,0.0
374.0,B,RUNNING,370.38,3,3,2,10,0.2,30.0,99.7,947.0313,0.0,0,0.0,0.0
375.0,B,RUNNING,371.38,3,3,2,10,0.2,30.0,99.7,946.0313,0.0,0,0.0,0.0
376.0,B,RUNNING,372.38,3,3,2,10,0.2,30.0,99.7,945.0313,0.0,0,0.0,0.0
377.0,B,RUNNING,373.38,3,3,2,10,0.2,30.0,99.7,944.0313,0.0,0,0.0,0.0
378.0,B,RUNNING,374.38,3,3,2,10,0.2,30.0,99.7,943.0313,0.0,0,0.0,0.0
379.0,B,RUNNING,375.38,3,3,2,10,0.2,30.0,99.7,942.0313,0.0,0,0.0,0.0
380.0,B,RUNNING,376.38,3,3,2,10,0.2,30.0,99.7,941.0313,0.0,0,0.0,0.0
381.0,B,RUNNING,377.38,3,3,2,10,0.2,30.0,99.7,940.0313,0.0,0,0.0,0.0
382.0,B,RUNNING,378.38,3,3,2,10,0.2,30.0,99.7,939.0313,0.0,0,0.0,0.0
383.0,B,RUNNING,379.38,3,3,2,10,0.2,30.0,99.7,938.0313,0.0,0,0.0,0.0
384.0,B,RUNNING,380.38,3,3,2,10,0.2,30.0,99.7,937.0313,0.0,0,0.0,0.0
385.0,B,RUNNING,381.38,3,3,2,10,0.2,30.0,99.7,936.0313,0.0,0,0.0,0.0
386.0,B,RUNNING,382.38,3,3,2,10,0.2,30.0,99.7,935.0313,0.0,0,0.0,0.0
387.0,B,RUNNING,383.38,3,3,2,10,0.2,30.0,99.7,934.0313,0.0,0,0.0,0.0
388.0,B,RUNNING,384.38,3,3,2,10,0.2,30.0,99.7,933.0313,0.0,0,0.0,0.0
389.0,B,RUNNING,385.38,3,3,2,10,0.2,30.0,99.7,932.0313,0.0,0,0.0,0.0
390.0,B,RUNNING,386.38,3,3,2,10,0.2,30.0,99.7,931.0313,0.0,0,0.0,0.0
391.0,B,RUNNING,387.38,3,3,2,10,0.2,30.0,99.7,930.0313,0.0,0,0.0,0.0
392.0,B,RUNNING,388.38,3,3,2,10,0.2,30.0,99.7,929.0313,0.0,0,0.0,0.0
393.0,B,RUNNING,389.38,3,3,2,10,0.2,30.0,99.7,928.0313,0.0,0,0.0,0.0
394.0,B,RUNNING,390.38,3,3,2,10,0.2,30.0,99.7,927.0313,0.0,0,0.0,0.0
395.0,B,RUNNING,391.38,3,3,2,10,0.2,30.0,99.7,926.0313,0.0,0,0.0,0.0
396.0,B,RUNNING,392.38,3,3,2,10,0.2,30.0,99.7,925.0313,0.0,0,0.0,0.0
397.0,B,RUNNING,393.38,3,3,2,10,0.2,30.0,99.7,924.0313,0.0,0,0.0,0.0
398.0,B,RUNNING,394.38,3,3,2,10,0.2,30.0,99.7,923.0313,0.0,0,0.0,0.0
399.0,B,RUNNING,395.38,3,3,2,10,0.2,30.0,99.7,922.0313,0.0,0,0.0,0.0
400.0,B,RUNNING,396.38,3,3,2,10,0.2,30.0,99.7,921.0313,0.0,0,0.0,0.0
401.0,B,RUNNING,397.38,3,3,2,10,0.2,30.0,99.7,920.0313,0.0,0,0.0,0.0
402.0,B,RUNNING,398.38,3,3,2,10,0.2,30.0,99.7,919.0313,0.0,0,0.0,0.0
403.0,B,RUNNING,399.38,3,3,2,10,0.2,30.0,99.7,918.0313,0.0,0,0.0,0.0
404.0,B,RUNNING,400.38,3,3,2,10,0.2,30.0,99.7,917.0313,0.0,0,0.0,0.0
405.0,B,RUNNING,401.38,3,3,2,10,0.2,30.0,99.7,916.0313,0.0,0,0.0,0.0
406.0,B,RUNNING,402.38,3,3,2,10,0.2,30.0,99.7,915.0313,0.0,0,0.0,0.0
407.0,B,RUNNING,403.384,3,5,0,10,0.0,30.0,99.7,1154.0273,0.0,0,0.0,0.0
408.0,B,RUNNING,404.38,3,5,0,10,0.0,30.0,99.7,1153.0313,0.0,0,0.0,0.0
409.0,B,RUNNING,405.38,3,5,0,10,0.0,30.0,99.7,1152.0313,0.0,0,0.0,0.0
410.0,B,RUNNING,406.38,3,5,0,10,0.0,30.0,99.7,1151.0313,0.0,0,0.0,0.0
411.0,B,RUNNING,407.38,3,5,0,10,0.0,30.0,99.7,1150.0313,0.0,0,0.0,0.0
412.0,B,RUNNING,408.38,3,5,0,10,0.0,30.0,99.7,1149.0313,0.0,0,0.0,0.0
413.0,B,RUNNING,409.38,3,5,0,10,0.0,30.0,99.7,1148.0313,0.0,0,0.0,0.0
414.0,B,RUNNING,410.38,3,5,0,10,0.0,30.0,99.7,1147.0313,0.0,0,0.0,0.0
415.0,B,RUNNING,411.38,3,5,0,10,0.0,30.0,99.7,1146.0313,0.0,0,0.0,0.0
416.0,B,RUNNING,412.38,3,5,0,10,0.0,30.0,99.7,1145.0313,0.0,0,0.0,0.0
417.0,B,RUNNING,413.38,3,5,0,10,0.0,30.0,99.7,1144.0313,0.0,0,0.0,0.0
418.0,B,RUNNING,414.38,3,5,0,10,0.0,30.0,99.7,1143.0313,0.0,0,0.0,0.0
419.0,B,RUNNING,415.38,3,5,0,10,0.0,30.0,99.7,1142.0313,0.0,0,0.0,0.0
420.0,B,RUNNING,416.38,3,5,0,10,0.0,30.0,99.7,1141.0313,0.0,0,0.0,0.0
421.0,B,RUNNING,417.38,3,5,0,10,0.0,30.0,99.7,1140.0313,0.0,0,0.0,0.0
422.0,B,RUNNING,418.38,3,5,0,10,0.0,30.0,99.7,1139.0313,0.0,0,0.0,0.0
423.0,B,RUNNING,419.38,3,5,0,10,0.0,30.0,99.7,1138.0313,0.0,0,0.0,0.0
424.0,B,RUNNING,420.38,3,5,0,10,0.0,30.0,99.7,1137.0313,0.0,0,0.0,0.0
425.0,B,RUNNING,421.38,3,5,0,10,0.0,30.0,99.7,1136.0313,0.0,0,0.0,0.0
426.0,B,RUNNING,422.38,3,5,0,10,0.0,30.0,99.7,1135.0313,0.0,0,0.0,0.0
427.0,B,RUNNING,423.38,3,5,0,10,0.0,30.0,99.7,1134.0313,0.0,0,0.0,0.0
428.0,B,RUNNING,424.38,3,5,0,10,0.0,30.0,99.7,1133.0313,0.0,0,0.0,0.0
429.0,B,RUNNING,425.38,3,5,0,10,0.0,30.0,99.7,1132.0313,0.0,0,0.0,0.0
430.0,B,RUNNING,426.38,3,5,0,10,0.0,30.0,99.7,1131.0313,0.0,0,0.0,0.0
431.0,B,RUNNING,427.38,3,5,0,10,0.0,30.0,99.7,1130.0313,0.0,0,0.0,0.0
432.0,B,RUNNING,428.38,3,5,0,10,0.0,30.0,99.7,1129.0313,0.0,0,0.0,0.0
433.0,B,RUNNING,429.38,3,5,0,10,0.0,30.0,99.7,1128.0313,0.0,0,0.0,0.0
434.0,B,RUNNING,430.38,3,5,0,10,0.0,30.0,99.7,1127.0313,0.0,0,0.0,0.0
435.0,B,RUNNING,431.38,3,5,0,10,0.0,30.0,99.7,1126.0313,0.0,0,0.0,0.0
436.0,B,RUNNING,432.38,3,5,0,10,0.0,30.0,99.7,1125.0313,0.0,0,0.0,0.0
437.0,B,RUNNING,433.38,3,5,0,10,0.0,30.0,99.7,1124.0313,0.0,0,0.0,0.0
438.0,B,RUNNING,434.38,3,5,0,10,0.0,30.0,99.7,1123.0313,0.0,0,0.0,0.0
439.0,B,RUNNING,435.38,3,5,0,10,0.0,30.0,99.7,1122.0313,0.0,0,0.0,0.0
440.0,B,RUNNING,436.38,3,5,0,10,0.0,30.0,99.7,1121.0313,0.0,0,0.0,0.0
441.0,B,RUNNING,437.38,3,5,0,10,0.0,30.0,99.7,1120.0313,0.0,0,0.0,0.0
442.0,B,RUNNING,438.38,3,5,0,10,0.0,30.0,99.7,1119.0313,0.0,0,0.0,0.0
443.0,B,RUNNING,439.38,3,5,0,10,0.0,30.0,99.7,1118.0313,0.0,0,0.0,0.0
444.0,B,RUNNING,440.38,3,5,0,10,0.0,30.0,99.7,1117.0313,0.0,0,0.0,0.0
445.0,B,RUNNING,441.38,3,5,0,10,0.0,30.0,99.7,1116.0313,0.0,0,0.0,0.0
446.0,B,RUNNING,442.38,3,5,0,10,0.0,30.0,99.7,1115.0313,0.0,0,0.0,0.0
447.0,B,RUNNING,443.38,3,5,0,10,0.0,30.0,99.7,1114.0313,0.0,0,0.0,0.0
448.0,B,RUNNING,444.38,3,5,0,10,0.0,30.0,99.7,1113.0313,0.0,0,0.0,0.0
449.0,B,RUNNING,445.38,3,5,0,10,0.0,30.0,99.7,1112.0313,0.0,0,0.0,0.0
450.0,B,RUNNING,446.38,3,5,0,10,0.0,30.0,99.7,1111.0313,0.0,0,0.0,0.0
451.0,B,RUNNING,447.38,3,5,0,10,0.0,30.0,99.7,1110.0313,0.0,0,0.0,0.0
452.0,B,RUNNING,448.38,3,5,0,10,0.0,30.0,99.7,1109.0313,0.0,0,0.0,0.0
453.0,B,RUNNING,449.38,3,5,0,10,0.0,30.0,99.7,1108.0313,0.0,0,0.0,0.0
454.0,B,RUNNING,450.38,3,5,0,10,0.0,30.0,99.7,1107.0313,0.0,0,0.0,0.0
455.0,B,RUNNING,451.38,3,5,0,10,0.0,30.0,99.7,1106.0313,0.0,0,0.0,0.0
456.0,B,RUNNING,452.38,3,5,0,10,0.0,30.0,99.7,1105.0313,0.0,0,0.0,0.0
457.0,B,RUNNING,453.38,3,5,0,10,0.0,30.0,99.7,1104.0313,0.0,0,0.0,0.0
458.0,B,RUNNING,454.38,3,5,0,10,0.0,30.0,99.7,1103.0313,0.0,0,0.0,0.0
459.0,B,RUNNING,455.38,3,5,0,10,0.0,30.0,99.7,1102.0313,0.0,0,0.0,0.0
460.0,B,RUNNING,456.38,3,5,0,10,0.0,30.0,99.7,1101.0313,0.0,0,0.0,0.0
461.0,B,RUNNING,457.38,3,5,0,10,0.0,30.0,99.7,1100.0313,0.0,0,0.0,0.0
462.0,B,RUNNING,458.38,3,5,0,10,0.0,30.0,99.7,1099.0313,0.0,0,0.0,0.0
463.0,B,RUNNING,459.38,3,5,0,10,0.0,30.0,99.7,1098.0313,0.0,0,0.0,0.0
464.0,B,RUNNING,460.38,3,5,0,10,0.0,30.0,99.7,1097.0313,0.0,0,0.0,0.0
465.0,B,RUNNING,461.38,3,5,0,10,0.0,30.0,99.7,1096.0313,0.0,0,0.0,0.0
466.0,B,RUNNING,462.38,3,5,0,10,0.0,30.0,99.7,1095.0313,0.0,0,0.0,0.0
467.0,B,RUNNING,463.38,3,5,0,10,0.0,30.0,99.7,1094.0313,0.0,0,0.0,0.0
468.0,B,RUNNING,464.38,3,5,0,10,0.0,30.0,99.7,1093.0313,0.0,0,0.0,0.0
469.0,B,RUNNING,465.38,3,5,0,10,0.0,30.0,99.7,1092.0313,0.0,0,0.0,0.0
470.0,B,RUNNING,466.38,3,5,0,10,0.0,30.0,99.7,1091.0313,0.0,0,0.0,0.0
471.0,B,RUNNING,467.38,3,5,0,10,0.0,30.0,99.7,1090.0313,0.0,0,0.0,0.0
472.0,B,RUNNING,468.38,3,5,0,10,0.0,30.0,99.7,1089.0313,0.0,0,0.0,0.0
473.0,B,RUNNING,469.38,3,5,0,10,0.0,30.0,99.7,1088.0313,0.0,0,0.0,0.0
474.0,B,RUNNING,470.38,3,5,0,10,0.0,30.0,99.7,1087.0313,0.0,0,0.0,0.0
475.0,B,RUNNING,471.38,3,5,0,10,0.0,30.0,99.7,1086.0313,0.0,0,0.0,0.0
476.0,B,RUNNING,472.38,3,5,0,10,0.0,30.0,99.7,1085.0313,0.0,0,0.0,0.0
477.0,B,RUNNING,473.38,3,5,0,10,0.0,30.0,99.7,1084.0313,0.0,0,0.0,0.0
478.0,B,RUNNING,474.38,3,5,0,10,0.0,30.0,99.7,1083.0313,0.0,0,0.0,0.0
479.0,B,RUNNING,475.38,3,5,0,10,0.0,30.0,99.7,1082.0313,0.0,0,0.0,0.0
480.0,B,RUNNING,476.38,3,5,0,10,0.0,30.0,99.7,1081.0313,0.0,0,0.0,0.0
481.0,B,RUNNING,477.38,3,5,0,10,0.0,30.0,99.7,1080.0313,0.0,0,0.0,0.0
482.0,B,RUNNING,478.38,4,5,1,10,0.1,30.0,99.6,1062.8455,0.0,0,0.0,0.0
483.0,B,RUNNING,479.38,4,5,1,10,0.1,30.0,99.6,1061.8455,0.0,0,0.0,0.0
484.0,B,RUNNING,480.38,4,5,1,10,0.1,30.0,99.6,1060.8455,0.0,0,0.0,0.0
485.0,B,RUNNING,481.38,4,5,1,10,0.1,30.0,99.6,1059.8455,0.0,0,0.0,0.0
486.0,B,RUNNING,482.38,4,5,1,10,0.1,30.0,99.6,1058.8455,0.0,0,0.0,0.0
487.0,B,RUNNING,483.38,4,5,1,10,0.1,30.0,99.6,1057.8455,0.0,0,0.0,0.0
488.0,B,RUNNING,484.38,4,5,1,10,0.1,30.0,99.6,1056.8455,0.0,0,0.0,0.0
489.0,B,RUNNING,485.38,4,5,1,10,0.1,30.0,99.6,1055.8455,0.0,0,0.0,0.0
490.0,B,RUNNING,486.38,4,5,1,10,0.1,30.0,99.6,1054.8455,0.0,0,0.0,0.0
491.0,B,RUNNING,487.38,4,5,1,10,0.1,30.0,99.6,1053.8455,0.0,0,0.0,0.0
492.0,B,RUNNING,488.38,4,5,1,10,0.1,30.0,99.6,1052.8455,0.0,0,0.0,0.0
493.0,B,RUNNING,489.384,4,5,1,10,0.1,30.0,99.6,1051.8415,0.0,0,0.0,0.0
494.0,B,RUNNING,490.38,4,5,1,10,0.1,30.0,99.6,1050.8455,0.0,0,0.0,0.0
495.0,B,RUNNING,491.38,4,5,1,10,0.1,30.0,99.6,1049.8455,0.0,0,0.0,0.0
496.0,B,RUNNING,492.38,4,5,1,10,0.1,30.0,99.6,1048.8455,0.0,0,0.0,0.0
497.0,B,RUNNING,493.38,4,5,1,10,0.1,30.0,99.6,1047.8455,0.0,0,0.0,0.0
498.0,B,RUNNING,494.384,4,5,1,10,0.1,30.0,99.6,1046.8415,0.0,0,0.0,0.0
499.0,B,RUNNING,495.38,4,5,1,10,0.1,30.0,99.6,1045.8455,0.0,0,0.0,0.0
500.0,B,RUNNING,496.38,4,5,1,10,0.1,30.0,99.6,1044.8455,0.0,0,0.0,0.0
501.0,B,RUNNING,497.38,4,5,1,10,0.1,30.0,99.6,1043.8455,0.0,0,0.0,0.0
502.0,B,RUNNING,498.38,4,5,1,10,0.1,30.0,99.6,1042.8455,0.0,0,0.0,0.0
503.0,B,RUNNING,499.38,4,5,1,10,0.1,30.0,99.6,1041.8455,0.0,0,0.0,0.0
504.0,B,RUNNING,500.38,4,5,1,10,0.1,30.0,99.6,1040.8455,0.0,0,0.0,0.0
505.0,B,RUNNING,501.38,4,5,1,10,0.1,30.0,99.6,1039.8455,0.0,0,0.0,0.0
506.0,B,RUNNING,502.38,4,5,1,10,0.1,30.0,99.6,1038.8455,0.0,0,0.0,0.0
507.0,B,RUNNING,503.38,4,5,1,10,0.1,30.0,99.6,1037.8455,0.0,0,0.0,0.0
508.0,B,RUNNING,504.38,4,5,1,10,0.1,30.0,99.6,1036.8455,0.0,0,0.0,0.0
509.0,B,RUNNING,505.38,4,5,1,10,0.1,30.0,99.6,1035.8455,0.0,0,0.0,0.0
510.0,B,RUNNING,506.38,4,5,1,10,0.1,30.0,99.6,1034.8455,0.0,0,0.0,0.0
511.0,B,RUNNING,507.38,4,5,1,10,0.1,30.0,99.6,1033.8455,0.0,0,0.0,0.0
512.0,B,RUNNING,508.38,4,5,1,10,0.1,30.0,99.6,1032.8455,0.0,0,0.0,0.0
513.0,B,RUNNING,509.38,4,5,1,10,0.1,30.0,99.6,1031.8455,0.0,0,0.0,0.0
514.0,B,RUNNING,510.38,4,5,1,10,0.1,30.0,99.6,1030.8455,0.0,0,0.0,0.0
515.0,B,RUNNING,511.38,4,5,1,10,0.1,30.0,99.6,1029.8455,0.0,0,0.0,0.0
516.0,B,RUNNING,512.38,4,5,1,10,0.1,30.0,99.6,1028.8455,0.0,0,0.0,0.0
517.0,B,RUNNING,513.38,4,5,1,10,0.1,30.0,99.6,1027.8455,0.0,0,0.0,0.0
518.0,B,RUNNING,514.38,4,5,1,10,0.1,30.0,99.6,1026.8455,0.0,0,0.0,0.0
519.0,B,RUNNING,515.38,4,5,1,10,0.1,30.0,99.6,1025.8455,0.0,0,0.0,0.0
520.0,B,RUNNING,516.38,4,5,1,10,0.1,30.0,99.6,1024.8455,0.0,0,0.0,0.0
521.0,B,RUNNING,517.38,4,5,1,10,0.1,30.0,99.6,1023.8455,0.0,0,0.0,0.0
522.0,B,RUNNING,518.38,4,5,1,10,0.1,30.0,99.6,1022.8455,0.0,0,0.0,0.0
523.0,B,RUNNING,519.38,4,5,1,10,0.1,30.0,99.6,1021.8455,0.0,0,0.0,0.0
524.0,B,RUNNING,520.38,4,5,1,10,0.1,30.0,99.6,1020.8455,0.0,0,0.0,0.0
525.0,B,RUNNING,521.38,4,5,1,10,0.1,30.0,99.6,1019.8455,0.0,0,0.0,0.0
526.0,B,RUNNING,522.38,4,5,1,10,0.1,30.0,99.6,1018.8455,0.0,0,0.0,0.0
527.0,B,RUNNING,523.38,4,5,1,10,0.1,30.0,99.6,1017.8455,0.0,0,0.0,0.0
528.0,B,RUNNING,524.38,4,5,1,10,0.1,30.0,99.6,1016.8455,0.0,0,0.0,0.0
529.0,B,RUNNING,525.38,4,5,1,10,0.1,30.0,99.6,1015.8455,0.0,0,0.0,0.0
530.0,B,RUNNING,526.38,4,5,1,10,0.1,30.0,99.6,1014.8455,0.0,0,0.0,0.0
531.0,B,RUNNING,527.38,4,5,1,10,0.1,30.0,99.6,1013.8455,0.0,0,0.0,0.0
532.0,B,RUNNING,528.38,4,5,1,10,0.1,30.0,99.6,1012.8455,0.0,0,0.0,0.0
533.0,B,RUNNING,529.38,4,5,1,10,0.1,30.0,99.6,1011.8455,0.0,0,0.0,0.0
534.0,B,RUNNING,530.38,4,5,1,10,0.1,30.0,99.6,1010.8455,0.0,0,0.0,0.0
535.0,B,RUNNING,531.38,4,5,1,10,0.1,30.0,99.6,1009.8455,0.0,0,0.0,0.0
536.0,B,RUNNING,532.38,4,5,1,10,0.1,30.0,99.6,1008.8455,0.0,0,0.0,0.0
537.0,B,RUNNING,533.38,4,5,1,10,0.1,30.0,99.6,1007.8455,0.0,0,0.0,0.0
538.0,B,RUNNING,534.38,4,5,1,10,0.1,30.0,99.6,1006.8455,0.0,0,0.0,0.0
539.0,B,RUNNING,535.38,4,5,1,10,0.1,30.0,99.6,1005.8455,0.0,0,0.0,0.0
540.0,B,RUNNING,536.38,4,5,1,10,0.1,30.0,99.6,1004.8455,0.0,0,0.0,0.0
541.0,B,RUNNING,537.38,4,5,1,10,0.1,30.0,99.6,1003.8455,0.0,0,0.0,0.0
542.0,B,RUNNING,538.38,4,5,1,10,0.1,30.0,99.6,1002.8455,0.0,0,0.0,0.0
543.0,B,RUNNING,539.38,4,5,1,10,0.1,30.0,99.6,1001.8455,0.0,0,0.0,0.0
544.0,B,RUNNING,540.38,4,5,1,10,0.1,30.0,99.6,1000.8455,0.0,0,0.0,0.0
545.0,B,RUNNING,541.38,4,5,1,10,0.1,30.0,99.6,999.8455,0.0,0,0.0,0.0
546.0,B,RUNNING,542.38,4,5,1,10,0.1,30.0,99.6,998.8455,0.0,0,0.0,0.0
547.0,B,RUNNING,543.38,4,5,1,10,0.1,30.0,99.6,997.8455,0.0,0,0.0,0.0
548.0,B,RUNNING,544.38,4,5,1,10,0.1,30.0,99.6,996.8455,0.0,0,0.0,0.0
549.0,B,RUNNING,545.38,4,5,1,10,0.1,30.0,99.6,995.8455,0.0,0,0.0,0.0
550.0,B,RUNNING,546.38,4,5,1,10,0.1,30.0,99.6,994.8455,0.0,0,0.0,0.0
551.0,B,RUNNING,547.38,4,5,1,10,0.1,30.0,99.6,993.8455,0.0,0,0.0,0.0
552.0,B,RUNNING,548.38,4,5,1,10,0.1,30.0,99.6,992.8455,0.0,0,0.0,0.0
553.0,B,RUNNING,549.38,4,5,1,10,0.1,30.0,99.6,991.8455,0.0,0,0.0,0.0
554.0,B,RUNNING,550.38,4,5,1,10,0.1,30.0,99.6,990.8455,0.0,0,0.0,0.0
555.0,B,RUNNING,551.38,4,5,1,10,0.1,30.0,99.6,989.8455,0.0,0,0.0,0.0
556.0,B,RUNNING,552.38,4,5,1,10,0.1,30.0,99.6,988.8455,0.0,0,0.0,0.0
557.0,B,RUNNING,553.38,4,5,1,10,0.1,30.0,99.6,987.8455,0.0,0,0.0,0.0
558.0,B,RUNNING,554.38,4,5,1,10,0.1,30.0,99.6,986.8455,0.0,0,0.0,0.0
559.0,B,RUNNING,555.38,4,5,1,10,0.1,30.0,99.6,985.8455,0.0,0,0.0,0.0
560.0,B,RUNNING,556.38,4,5,1,10,0.1,30.0,99.6,984.8455,0.0,0,0.0,0.0
561.0,B,RUNNING,557.38,4,5,1,10,0.1,30.0,99.6,983.8455,0.0,0,0.0,0.0
562.0,B,RUNNING,558.38,4,5,1,10,0.1,30.0,99.6,982.8455,0.0,0,0.0,0.0
563.0,B,RUNNING,559.38,4,5,1,10,0.1,30.0,99.6,981.8455,0.0,0,0.0,0.0
564.0,B,RUNNING,560.38,4,5,1,10,0.1,30.0,99.6,980.8455,0.0,0,0.0,0.0
565.0,B,RUNNING,561.38,4,5,1,10,0.1,30.0,99.6,979.8455,0.0,0,0.0,0.0
566.0,B,RUNNING,562.38,4,5,1,10,0.1,30.0,99.6,978.8455,0.0,0,0.0,0.0
567.0,B,RUNNING,563.38,4,5,1,10,0.1,30.0,99.6,977.8455,0.0,0,0.0,0.0
568.0,B,RUNNING,564.38,4,5,1,10,0.1,30.0,99.6,976.8455,0.0,0,0.0,0.0
569.0,B,RUNNING,565.38,4,5,1,10,0.1,30.0,99.6,975.8455,0.0,0,0.0,0.0
570.0,B,RUNNING,566.38,4,5,1,10,0.1,30.0,99.6,974.8455,0.0,0,0.0,0.0
571.0,B,RUNNING,567.38,4,5,1,10,0.1,30.0,99.6,973.8455,0.0,0,0.0,0.0
572.0,B,RUNNING,568.38,4,5,1,10,0.1,30.0,99.6,972.8455,0.0,0,0.0,0.0
573.0,B,RUNNING,569.38,4,5,1,10,0.1,30.0,99.6,971.8455,0.0,0,0.0,0.0
574.0,B,RUNNING,570.38,4,5,1,10,0.1,30.0,99.6,970.8455,0.0,0,0.0,0.0
575.0,B,RUNNING,571.38,4,5,1,10,0.1,30.0,99.6,969.8455,0.0,0,0.0,0.0
576.0,B,RUNNING,572.38,4,5,1,10,0.1,30.0,99.6,968.8455,0.0,0,0.0,0.0
577.0,B,RUNNING,573.38,4,5,1,10,0.1,30.0,99.6,967.8455,0.0,0,0.0,0.0
578.0,B,RUNNING,574.38,4,5,1,10,0.1,30.0,99.6,966.8455,0.0,0,0.0,0.0
579.0,B,RUNNING,575.38,4,5,1,10,0.1,30.0,99.6,965.8455,0.0,0,0.0,0.0
580.0,B,RUNNING,576.384,4,5,1,10,0.1,30.0,99.6,964.8415,0.0,0,0.0,0.0
581.0,B,RUNNING,577.38,4,5,1,10,0.1,30.0,99.6,963.8455,0.0,0,0.0,0.0
582.0,B,RUNNING,578.38,4,5,1,10,0.1,30.0,99.6,962.8455,0.0,0,0.0,0.0
583.0,B,RUNNING,579.38,4,5,1,10,0.1,30.0,99.6,961.8455,0.0,0,0.0,0.0
584.0,B,RUNNING,580.38,4,5,1,10,0.1,30.0,99.6,960.8455,0.0,0,0.0,0.0
585.0,B,RUNNING,581.38,5,5,2,10,0.2,30.0,99.5,986.5669,0.0,0,0.0,0.0
586.0,B,RUNNING,582.38,5,5,2,10,0.2,30.0,99.5,985.5669,0.0,0,0.0,0.0
587.0,B,RUNNING,583.38,5,5,2,10,0.2,30.0,99.5,984.5669,0.0,0,0.0,0.0
588.0,B,RUNNING,584.38,5,5,2,10,0.2,30.0,99.5,983.5669,0.0,0,0.0,0.0
589.0,B,RUNNING,585.38,5,5,2,10,0.2,30.0,99.5,982.5669,0.0,0,0.0,0.0
590.0,B,RUNNING,586.38,5,5,2,10,0.2,30.0,99.5,981.5669,0.0,0,0.0,0.0
591.0,B,RUNNING,587.38,5,5,2,10,0.2,30.0,99.5,980.5669,0.0,0,0.0,0.0
592.0,B,RUNNING,588.38,5,5,2,10,0.2,30.0,99.5,979.5669,0.0,0,0.0,0.0
593.0,B,RUNNING,589.38,5,5,2,10,0.2,30.0,99.5,978.5669,0.0,0,0.0,0.0
594.0,B,RUNNING,590.38,5,5,2,10,0.2,30.0,99.5,977.5669,0.0,0,0.0,0.0
595.0,B,RUNNING,591.38,5,5,2,10,0.2,30.0,99.5,976.5669,0.0,0,0.0,0.0
596.0,B,RUNNING,592.38,5,5,2,10,0.2,30.0,99.5,975.5669,0.0,0,0.0,0.0
597.0,B,RUNNING,593.38,5,5,2,10,0.2,30.0,99.5,974.5669,0.0,0,0.0,0.0
598.0,B,RUNNING,594.38,5,5,2,10,0.2,30.0,99.5,973.5669,0.0,0,0.0,0.0
599.0,B,RUNNING,595.384,5,5,2,10,0.2,30.0,99.5,972.5629,0.0,0,0.0,0.0
600.0,B,RUNNING,596.38,5,5,2,10,0.2,30.0,99.5,971.5669,0.0,0,0.0,0.0
601.0,B,RUNNING,597.38,5,5,2,10,0.2,30.0,99.5,970.5669,0.0,0,0.0,0.0
602.0,B,RUNNING,598.38,5,5,2,10,0.2,30.0,99.5,969.5669,0.0,0,0.0,0.0
603.0,B,RUNNING,599.38,5,5,2,10,0.2,30.0,99.5,968.5669,0.0,0,0.0,0.0
604.0,B,RUNNING,600.38,5,5,2,10,0.2,30.0,99.5,967.5669,0.0,0,0.0,0.0
605.0,B,RUNNING,601.38,5,5,2,10,0.2,30.0,99.5,966.5669,0.0,0,0.0,0.0
606.0,B,RUNNING,602.38,5,5,2,10,0.2,30.0,99.5,965.5669,0.0,0,0.0,0.0
607.0,B,RUNNING,603.38,5,5,2,10,0.2,30.0,99.5,964.5669,0.0,0,0.0,0.0
608.0,B,RUNNING,604.38,5,5,2,10,0.2,30.0,99.5,963.5669,0.0,0,0.0,0.0
609.0,B,RUNNING,605.38,5,5,2,10,0.2,30.0,99.5,962.5669,0.0,0,0.0,0.0
610.0,B,RUNNING,606.38,5,5,2,10,0.2,30.0,99.5,961.5669,0.0,0,0.0,0.0
611.0,B,RUNNING,607.38,5,5,2,10,0.2,30.0,99.5,960.5669,0.0,0,0.0,0.0
612.0,B,RUNNING,608.38,5,5,2,10,0.2,30.0,99.5,959.5669,0.0,0,0.0,0.0
613.0,B,RUNNING,609.38,5,5,2,10,0.2,30.0,99.5,958.5669,0.0,0,0.0,0.0
614.0,B,RUNNING,610.38,5,5,2,10,0.2,30.0,99.5,957.5669,0.0,0,0.0,0.0
615.0,B,RUNNING,611.38,5,5,2,10,0.2,30.0,99.5,956.5669,0.0,0,0.0,0.0
616.0,B,RUNNING,612.38,5,5,2,10,0.2,30.0,99.5,955.5669,0.0,0,0.0,0.0
617.0,B,RUNNING,613.38,5,5,2,10,0.2,30.0,99.5,954.5669,0.0,0,0.0,0.0
618.0,B,RUNNING,614.38,5,5,2,10,0.2,30.0,99.5,953.5669,0.0,0,0.0,0.0
619.0,B,RUNNING,615.38,5,5,2,10,0.2,30.0,99.5,952.5669,0.0,0,0.0,0.0
620.0,B,RUNNING,616.38,5,5,2,10,0.2,30.0,99.5,951.5669,0.0,0,0.0,0.0
621.0,B,RUNNING,617.38,5,5,2,10,0.2,30.0,99.5,950.5669,0.0,0,0.0,0.0
622.0,B,RUNNING,618.38,5,5,2,10,0.2,30.0,99.5,949.5669,0.0,0,0.0,0.0
623.0,B,RUNNING,619.384,5,5,2,10,0.2,30.0,99.5,948.5629,0.0,0,0.0,0.0
624.0,B,RUNNING,620.38,5,5,2,10,0.2,30.0,99.5,947.5669,0.0,0,0.0,0.0
625.0,B,RUNNING,621.38,5,5,2,10,0.2,30.0,99.5,946.5669,0.0,0,0.0,0.0
626.0,B,RUNNING,622.38,5,5,2,10,0.2,30.0,99.5,945.5669,0.0,0,0.0,0.0
627.0,B,RUNNING,623.38,5,7,0,10,0.0,30.0,99.5,1184.5669,0.0,0,0.0,0.0
628.0,B,RUNNING,624.38,5,7,0,10,0.0,30.0,99.5,1183.5669,0.0,0,0.0,0.0
629.0,B,RUNNING,625.38,5,7,0,10,0.0,30.0,99.5,1182.5669,0.0,0,0.0,0.0
630.0,B,RUNNING,626.38,5,7,0,10,0.0,30.0,99.5,1181.5669,0.0,0,0.0,0.0
631.0,B,RUNNING,627.38,5,7,0,10,0.0,30.0,99.5,1180.5669,0.0,0,0.0,0.0
632.0,B,RUNNING,628.38,5,7,0,10,0.0,30.0,99.5,1179.5669,0.0,0,0.0,0.0
633.0,B,RUNNING,629.38,5,7,0,10,0.0,30.0,99.5,1178.5669,0.0,0,0.0,0.0
634.0,B,RUNNING,630.38,5,7,0,10,0.0,30.0,99.5,1177.5669,0.0,0,0.0,0.0
635.0,B,RUNNING,631.38,5,7,0,10,0.0,30.0,99.5,1176.5669,0.0,0,0.0,0.0
636.0,B,RUNNING,632.38,5,7,0,10,0.0,30.0,99.5,1175.5669,0.0,0,0.0,0.0
637.0,B,RUNNING,633.38,5,7,0,10,0.0,30.0,99.5,1174.5669,0.0,0,0.0,0.0
638.0,B,RUNNING,634.38,5,7,0,10,0.0,30.0,99.5,1173.5669,0.0,0,0.0,0.0
639.0,B,RUNNING,635.38,5,7,0,10,0.0,30.0,99.5,1172.5669,0.0,0,0.0,0.0
640.0,B,RUNNING,636.38,5,7,0,10,0.0,30.0,99.5,1171.5669,0.0,0,0.0,0.0
641.0,B,RUNNING,637.38,5,7,0,10,0.0,30.0,99.5,1170.5669,0.0,0,0.0,0.0
642.0,B,RUNNING,638.38,5,7,0,10,0.0,30.0,99.5,1169.5669,0.0,0,0.0,0.0
643.0,B,RUNNING,639.38,5,7,0,10,0.0,30.0,99.5,1168.5669,0.0,0,0.0,0.0
644.0,B,RUNNING,640.38,5,7,0,10,0.0,30.0,99.5,1167.5669,0.0,0,0.0,0.0
645.0,B,RUNNING,641.38,5,7,0,10,0.0,30.0,99.5,1166.5669,0.0,0,0.0,0.0
646.0,B,RUNNING,642.38,5,7,0,10,0.0,30.0,99.5,1165.5669,0.0,0,0.0,0.0
647.0,B,RUNNING,643.384,5,7,0,10,0.0,30.0,99.5,1164.5629,0.0,0,0.0,0.0
648.01,B,RUNNING,644.388,5,7,0,10,0.0,30.0,99.5,1163.5589,0.0,0,0.0,0.0
649.0,B,RUNNING,645.38,5,7,0,10,0.0,30.0,99.5,1162.5669,0.0,0,0.0,0.0
650.0,B,RUNNING,646.38,5,7,0,10,0.0,30.0,99.5,1161.5669,0.0,0,0.0,0.0
651.0,B,RUNNING,647.38,5,7,0,10,0.0,30.0,99.5,1160.5669,0.0,0,0.0,0.0
652.0,B,RUNNING,648.38,5,7,0,10,0.0,30.0,99.5,1159.5669,0.0,0,0.0,0.0
653.0,B,RUNNING,649.38,5,7,0,10,0.0,30.0,99.5,1158.5669,0.0,0,0.0,0.0
654.0,B,RUNNING,650.38,5,7,0,10,0.0,30.0,99.5,1157.5669,0.0,0,0.0,0.0
655.0,B,RUNNING,651.38,5,7,0,10,0.0,30.0,99.5,1156.5669,0.0,0,0.0,0.0
656.0,B,RUNNING,652.38,5,7,0,10,0.0,30.0,99.5,1155.5669,0.0,0,0.0,0.0
657.0,B,RUNNING,653.38,5,7,0,10,0.0,30.0,99.5,1154.5669,0.0,0,0.0,0.0
658.0,B,RUNNING,654.38,5,7,0,10,0.0,30.0,99.5,1153.5669,0.0,0,0.0,0.0
659.0,B,RUNNING,655.38,5,7,0,10,0.0,30.0,99.5,1152.5669,0.0,0,0.0,0.0
660.0,B,RUNNING,656.38,5,7,0,10,0.0,30.0,99.5,1151.5669,0.0,0,0.0,0.0
661.0,B,RUNNING,657.38,5,7,0,10,0.0,30.0,99.5,1150.5669,0.0,0,0.0,0.0
662.0,B,RUNNING,658.38,5,7,0,10,0.0,30.0,99.5,1149.5669,0.0,0,0.0,0.0
663.0,B,RUNNING,659.38,5,7,0,10,0.0,30.0,99.5,1148.5669,0.0,0,0.0,0.0
664.0,B,RUNNING,660.38,5,7,0,10,0.0,30.0,99.5,1147.5669,0.0,0,0.0,0.0
665.0,B,RUNNING,661.38,5,7,0,10,0.0,30.0,99.5,1146.5669,0.0,0,0.0,0.0
666.0,B,RUNNING,662.38,5,7,0,10,0.0,30.0,99.5,1145.5669,0.0,0,0.0,0.0
667.0,B,RUNNING,663.38,5,7,0,10,0.0,30.0,99.5,1144.5669,0.0,0,0.0,0.0
668.0,B,RUNNING,664.38,5,7,0,10,0.0,30.0,99.5,1143.5669,0.0,0,0.0,0.0
669.0,B,RUNNING,665.38,5,7,0,10,0.0,30.0,99.5,1142.5669,0.0,0,0.0,0.0
670.0,B,RUNNING,666.38,5,7,0,10,0.0,30.0,99.5,1141.5669,0.0,0,0.0,0.0
671.0,B,RUNNING,667.38,5,7,0,10,0.0,30.0,99.5,1140.5669,0.0,0,0.0,0.0
672.0,B,RUNNING,668.38,5,7,0,10,0.0,30.0,99.5,1139.5669,0.0,0,0.0,0.0
673.0,B,RUNNING,669.38,5,7,0,10,0.0,30.0,99.5,1138.5669,0.0,0,0.0,0.0
674.0,B,RUNNING,670.38,5,7,0,10,0.0,30.0,99.5,1137.5669,0.0,0,0.0,0.0
675.0,B,RUNNING,671.38,5,7,0,10,0.0,30.0,99.5,1136.5669,0.0,0,0.0,0.0
676.0,B,RUNNING,672.38,5,7,0,10,0.0,30.0,99.5,1135.5669,0.0,0,0.0,0.0
677.0,B,RUNNING,673.38,5,7,0,10,0.0,30.0,99.5,1134.5669,0.0,0,0.0,0.0
678.0,B,RUNNING,674.38,5,7,0,10,0.0,30.0,99.5,1133.5669,0.0,0,0.0,0.0
679.0,B,RUNNING,675.38,5,7,0,10,0.0,30.0,99.5,1132.5669,0.0,0,0.0,0.0
680.0,B,RUNNING,676.38,5,7,0,10,0.0,30.0,99.5,1131.5669,0.0,0,0.0,0.0
681.0,B,RUNNING,677.38,5,7,0,10,0.0,30.0,99.5,1130.5669,0.0,0,0.0,0.0
682.0,B,RUNNING,678.38,5,7,0,10,0.0,30.0,99.5,1129.5669,0.0,0,0.0,0.0
683.0,B,RUNNING,679.38,5,7,0,10,0.0,30.0,99.5,1128.5669,0.0,0,0.0,0.0
684.0,B,RUNNING,680.38,5,7,0,10,0.0,30.0,99.5,1127.5669,0.0,0,0.0,0.0
685.0,B,RUNNING,681.38,5,7,0,10,0.0,30.0,99.5,1126.5669,0.0,0,0.0,0.0
686.0,B,RUNNING,682.38,5,7,0,10,0.0,30.0,99.5,1125.5669,0.0,0,0.0,0.0
687.0,B,RUNNING,683.38,5,7,0,10,0.0,30.0,99.5,1124.5669,0.0,0,0.0,0.0
688.0,B,RUNNING,684.38,5,7,0,10,0.0,30.0,99.5,1123.5669,0.0,0,0.0,0.0
689.0,B,RUNNING,685.38,5,7,0,10,0.0,30.0,99.5,1122.5669,0.0,0,0.0,0.0
690.0,B,RUNNING,686.38,5,7,0,10,0.0,30.0,99.5,1121.5669,0.0,0,0.0,0.0
691.0,B,RUNNING,687.38,5,7,0,10,0.0,30.0,99.5,1120.5669,0.0,0,0.0,0.0
692.0,B,RUNNING,688.38,5,7,0,10,0.0,30.0,99.5,1119.5669,0.0,0,0.0,0.0
693.0,B,RUNNING,689.38,5,7,0,10,0.0,30.0,99.5,1118.5669,0.0,0,0.0,0.0
694.0,B,RUNNING,690.38,5,7,0,10,0.0,30.0,99.5,1117.5669,0.0,0,0.0,0.0
695.0,B,RUNNING,691.38,5,7,0,10,0.0,30.0,99.5,1116.5669,0.0,0,0.0,0.0
696.0,B,RUNNING,692.384,5,7,0,10,0.0,30.0,99.5,1115.5629,0.0,0,0.0,0.0
697.0,B,RUNNING,693.38,5,7,0,10,0.0,30.0,99.5,1114.5669,0.0,0,0.0,0.0
698.0,B,RUNNING,694.38,5,7,0,10,0.0,30.0,99.5,1113.5669,0.0,0,0.0,0.0
699.0,B,RUNNING,695.38,5,7,0,10,0.0,30.0,99.5,1112.5669,0.0,0,0.0,0.0
700.0,B,RUNNING,696.38,5,7,0,10,0.0,30.0,99.5,1111.5669,0.0,0,0.0,0.0
701.0,B,RUNNING,697.38,5,7,0,10,0.0,30.0,99.5,1110.5669,0.0,0,0.0,0.0
702.0,B,RUNNING,698.38,5,7,0,10,0.0,30.0,99.5,1109.5669,0.0,0,0.0,0.0
703.0,B,RUNNING,699.38,5,7,0,10,0.0,30.0,99.5,1108.5669,0.0,0,0.0,0.0
704.0,B,RUNNING,700.38,5,7,0,10,0.0,30.0,99.5,1107.5669,0.0,0,0.0,0.0
705.0,B,RUNNING,701.38,5,7,0,10,0.0,30.0,99.5,1106.5669,0.0,0,0.0,0.0
706.0,B,RUNNING,702.38,5,7,0,10,0.0,30.0,99.5,1105.5669,0.0,0,0.0,0.0
707.0,B,RUNNING,703.38,5,7,0,10,0.0,30.0,99.5,1104.5669,0.0,0,0.0,0.0
708.0,B,RUNNING,704.38,5,7,0,10,0.0,30.0,99.5,1103.5669,0.0,0,0.0,0.0
709.0,B,RUNNING,705.38,5,7,0,10,0.0,30.0,99.5,1102.5669,0.0,0,0.0,0.0
710.0,B,RUNNING,706.38,5,7,0,10,0.0,30.0,99.5,1101.5669,0.0,0,0.0,0.0
711.0,B,RUNNING,707.38,5,7,0,10,0.0,30.0,99.5,1100.5669,0.0,0,0.0,0.0
712.0,B,RUNNING,708.38,5,7,0,10,0.0,30.0,99.5,1099.5669,0.0,0,0.0,0.0
713.0,B,RUNNING,709.38,5,7,0,10,0.0,30.0,99.5,1098.5669,0.0,0,0.0,0.0
714.0,B,RUNNING,710.38,5,7,0,10,0.0,30.0,99.5,1097.5669,0.0,0,0.0,0.0
715.0,B,RUNNING,711.38,5,7,0,10,0.0,30.0,99.5,1096.5669,0.0,0,0.0,0.0
716.0,B,RUNNING,712.38,5,7,0,10,0.0,30.0,99.5,1095.5669,0.0,0,0.0,0.0
717.0,B,RUNNING,713.38,5,7,0,10,0.0,30.0,99.5,1094.5669,0.0,0,0.0,0.0
718.0,B,RUNNING,714.38,5,7,0,10,0.0,30.0,99.5,1093.5669,0.0,0,0.0,0.0
719.0,B,RUNNING,715.38,5,7,0,10,0.0,30.0,99.5,1092.5669,0.0,0,0.0,0.0
720.0,B,RUNNING,716.38,5,7,0,10,0.0,30.0,99.5,1091.5669,0.0,0,0.0,0.0
721.0,B,RUNNING,717.38,5,7,0,10,0.0,30.0,99.5,1090.5669,0.0,0,0.0,0.0
722.0,B,RUNNING,718.38,5,7,0,10,0.0,30.0,99.5,1089.5669,0.0,0,0.0,0.0
723.0,B,RUNNING,719.38,5,7,0,10,0.0,30.0,99.5,1088.5669,0.0,0,0.0,0.0
724.0,B,RUNNING,720.38,5,7,0,10,0.0,30.0,99.5,1087.5669,0.0,0,0.0,0.0
725.0,B,RUNNING,721.38,5,7,0,10,0.0,30.0,99.5,1086.5669,0.0,0,0.0,0.0
726.0,B,RUNNING,722.38,5,7,0,10,0.0,30.0,99.5,1085.5669,0.0,0,0.0,0.0
727.0,B,RUNNING,723.38,5,7,0,10,0.0,30.0,99.5,1084.5669,0.0,0,0.0,0.0
728.0,B,RUNNING,724.38,5,7,0,10,0.0,30.0,99.5,1083.5669,0.0,0,0.0,0.0
729.0,B,RUNNING,725.38,5,7,0,10,0.0,30.0,99.5,1082.5669,0.0,0,0.0,0.0
730.0,B,RUNNING,726.38,5,7,0,10,0.0,30.0,99.5,1081.5669,0.0,0,0.0,0.0
731.0,B,RUNNING,727.38,5,7,0,10,0.0,30.0,99.5,1080.5669,0.0,0,0.0,0.0
732.0,B,RUNNING,728.38,6,7,1,10,0.1,30.0,99.4,1088.3943,0.0,0,0.0,0.0
733.0,B,RUNNING,729.38,6,7,1,10,0.1,30.0,99.4,1087.3943,0.0,0,0.0,0.0
734.0,B,RUNNING,730.38,6,7,1,10,0.1,30.0,99.4,1086.3943,0.0,0,0.0,0.0
735.0,B,RUNNING,731.38,6,7,1,10,0.1,30.0,99.4,1085.3943,0.0,0,0.0,0.0
736.0,B,RUNNING,732.38,6,7,1,10,0.1,30.0,99.4,1084.3943,0.0,0,0.0,0.0
737.0,B,RUNNING,733.38,6,7,1,10,0.1,30.0,99.4,1083.3943,0.0,0,0.0,0.0
738.0,B,RUNNING,734.38,6,7,1,10,0.1,30.0,99.4,1082.3943,0.0,0,0.0,0.0
739.0,B,RUNNING,735.38,6,7,1,10,0.1,30.0,99.4,1081.3943,0.0,0,0.0,0.0
740.0,B,RUNNING,736.38,6,7,1,10,0.1,30.0,99.4,1080.3943,0.0,0,0.0,0.0
741.0,B,RUNNING,737.38,6,7,1,10,0.1,30.0,99.4,1079.3943,0.0,0,0.0,0.0
742.0,B,RUNNING,738.38,6,7,1,10,0.1,30.0,99.4,1078.3943,0.0,0,0.0,0.0
743.0,B,RUNNING,739.38,6,7,1,10,0.1,30.0,99.4,1077.3943,0.0,0,0.0,0.0
744.0,B,RUNNING,740.38,6,7,1,10,0.1,30.0,99.4,1076.3943,0.0,0,0.0,0.0
745.0,B,RUNNING,741.38,6,7,1,10,0.1,30.0,99.4,1075.3943,0.0,0,0.0,0.0
746.0,B,RUNNING,742.38,6,7,1,10,0.1,30.0,99.4,1074.3943,0.0,0,0.0,0.0
747.0,B,RUNNING,743.38,6,7,1,10,0.1,30.0,99.4,1073.3943,0.0,0,0.0,0.0
748.0,B,RUNNING,744.38,6,7,1,10,0.1,30.0,99.4,1072.3943,0.0,0,0.0,0.0
749.0,B,RUNNING,745.38,6,7,1,10,0.1,30.0,99.4,1071.3943,0.0,0,0.0,0.0
750.0,B,RUNNING,746.38,6,7,1,10,0.1,30.0,99.4,1070.3943,0.0,0,0.0,0.0
751.0,B,RUNNING,747.38,6,7,1,10,0.1,30.0,99.4,1069.3943,0.0,0,0.0,0.0
752.0,B,RUNNING,748.38,6,7,1,10,0.1,30.0,99.4,1068.3943,0.0,0,0.0,0.0
753.0,B,RUNNING,749.38,6,7,1,10,0.1,30.0,99.4,1067.3943,0.0,0,0.0,0.0
754.0,B,RUNNING,750.38,6,7,1,10,0.1,30.0,99.4,1066.3943,0.0,0,0.0,0.0
755.0,B,RUNNING,751.38,6,7,1,10,0.1,30.0,99.4,1065.3943,0.0,0,0.0,0.0
756.0,B,RUNNING,752.38,6,7,1,10,0.1,30.0,99.4,1064.3943,0.0,0,0.0,0.0
757.0,B,RUNNING,753.384,6,7,1,10,0.1,30.0,99.4,1063.3903,0.0,0,0.0,0.0
758.0,B,RUNNING,754.38,6,7,1,10,0.1,30.0,99.4,1062.3943,0.0,0,0.0,0.0
759.0,B,RUNNING,755.38,6,7,1,10,0.1,30.0,99.4,1061.3943,0.0,0,0.0,0.0
760.0,B,RUNNING,756.38,6,7,1,10,0.1,30.0,99.4,1060.3943,0.0,0,0.0,0.0
761.0,B,RUNNING,757.38,6,7,1,10,0.1,30.0,99.4,1059.3943,0.0,0,0.0,0.0
762.0,B,RUNNING,758.38,6,7,1,10,0.1,30.0,99.4,1058.3943,0.0,0,0.0,0.0
763.0,B,RUNNING,759.38,6,7,1,10,0.1,30.0,99.4,1057.3943,0.0,0,0.0,0.0
764.0,B,RUNNING,760.38,6,7,1,10,0.1,30.0,99.4,1056.3943,0.0,0,0.0,0.0
765.0,B,RUNNING,761.38,6,7,1,10,0.1,30.0,99.4,1055.3943,0.0,0,0.0,0.0
766.0,B,RUNNING,762.38,6,7,1,10,0.1,30.0,99.4,1054.3943,0.0,0,0.0,0.0
767.0,B,RUNNING,763.38,6,7,1,10,0.1,30.0,99.4,1053.3943,0.0,0,0.0,0.0
768.0,B,RUNNING,764.38,6,7,1,10,0.1,30.0,99.4,1052.3943,0.0,0,0.0,0.0
769.0,B,RUNNING,765.38,6,7,1,10,0.1,30.0,99.4,1051.3943,0.0,0,0.0,0.0
770.0,B,RUNNING,766.38,6,7,1,10,0.1,30.0,99.4,1050.3943,0.0,0,0.0,0.0
771.0,B,RUNNING,767.38,6,7,1,10,0.1,30.0,99.4,1049.3943,0.0,0,0.0,0.0
772.0,B,RUNNING,768.38,6,7,1,10,0.1,30.0,99.4,1048.3943,0.0,0,0.0,0.0
773.0,B,RUNNING,769.38,6,7,1,10,0.1,30.0,99.4,1047.3943,0.0,0,0.0,0.0
774.0,B,RUNNING,770.38,6,7,1,10,0.1,30.0,99.4,1046.3943,0.0,0,0.0,0.0
775.0,B,RUNNING,771.38,6,7,1,10,0.1,30.0,99.4,1045.3943,0.0,0,0.0,0.0
776.0,B,RUNNING,772.38,6,7,1,10,0.1,30.0,99.4,1044.3943,0.0,0,0.0,0.0
777.0,B,RUNNING,773.38,6,7,1,10,0.1,30.0,99.4,1043.3943,0.0,0,0.0,0.0
778.0,B,RUNNING,774.38,6,7,1,10,0.1,30.0,99.4,1042.3943,0.0,0,0.0,0.0
779.0,B,RUNNING,775.38,6,7,1,10,0.1,30.0,99.4,1041.3943,0.0,0,0.0,0.0
780.0,B,RUNNING,776.38,6,7,1,10,0.1,30.0,99.4,1040.3943,0.0,0,0.0,0.0
781.0,B,RUNNING,777.38,6,7,1,10,0.1,30.0,99.4,1039.3943,0.0,0,0.0,0.0
782.0,B,RUNNING,778.38,6,7,1,10,0.1,30.0,99.4,1038.3943,0.0,0,0.0,0.0
783.0,B,RUNNING,779.38,6,7,1,10,0.1,30.0,99.4,1037.3943,0.0,0,0.0,0.0
784.0,B,RUNNING,780.38,6,7,1,10,0.1,30.0,99.4,1036.3943,0.0,0,0.0,0.0
785.0,B,RUNNING,781.38,6,7,1,10,0.1,30.0,99.4,1035.3943,0.0,0,0.0,0.0
786.0,B,RUNNING,782.38,6,7,1,10,0.1,30.0,99.4,1034.3943,0.0,0,0.0,0.0
787.0,B,RUNNING,783.38,6,7,1,10,0.1,30.0,99.4,1033.3943,0.0,0,0.0,0.0
788.0,B,RUNNING,784.38,6,7,1,10,0.1,30.0,99.4,1032.3943,0.0,0,0.0,0.0
789.0,B,RUNNING,785.38,6,7,1,10,0.1,30.0,99.4,1031.3943,0.0,0,0.0,0.0
790.0,B,RUNNING,786.38,6,7,1,10,0.1,30.0,99.4,1030.3943,0.0,0,0.0,0.0
791.0,B,RUNNING,787.38,6,7,1,10,0.1,30.0,99.4,1029.3943,0.0,0,0.0,0.0
792.0,B,RUNNING,788.38,6,7,1,10,0.1,30.0,99.4,1028.3943,0.0,0,0.0,0.0
793.0,B,RUNNING,789.38,6,7,1,10,0.1,30.0,99.4,1027.3943,0.0,0,0.0,0.0
794.0,B,RUNNING,790.38,6,7,1,10,0.1,30.0,99.4,1026.3943,0.0,0,0.0,0.0
795.0,B,RUNNING,791.38,6,7,1,10,0.1,30.0,99.4,1025.3943,0.0,0,0.0,0.0
796.0,B,RUNNING,792.38,6,7,1,10,0.1,30.0,99.4,1024.3943,0.0,0,0.0,0.0
797.0,B,RUNNING,793.38,6,7,1,10,0.1,30.0,99.4,1023.3943,0.0,0,0.0,0.0
798.0,B,RUNNING,794.38,6,7,1,10,0.1,30.0,99.4,1022.3943,0.0,0,0.0,0.0
799.0,B,RUNNING,795.38,6,7,1,10,0.1,30.0,99.4,1021.3943,0.0,0,0.0,0.0
800.0,B,RUNNING,796.38,6,7,1,10,0.1,30.0,99.4,1020.3943,0.0,0,0.0,0.0
801.0,B,RUNNING,797.38,6,7,1,10,0.1,30.0,99.4,1019.3943,0.0,0,0.0,0.0
802.0,B,RUNNING,798.38,6,7,1,10,0.1,30.0,99.4,1018.3943,0.0,0,0.0,0.0
803.0,B,RUNNING,799.38,6,7,1,10,0.1,30.0,99.4,1017.3943,0.0,0,0.0,0.0
804.0,B,RUNNING,800.38,6,7,1,10,0.1,30.0,99.4,1016.3943,0.0,0,0.0,0.0
805.0,B,RUNNING,801.38,6,7,1,10,0.1,30.0,99.4,1015.3943,0.0,0,0.0,0.0
806.0,B,RUNNING,802.38,6,7,1,10,0.1,30.0,99.4,1014.3943,0.0,0,0.0,0.0
807.0,B,RUNNING,803.38,6,7,1,10,0.1,30.0,99.4,1013.3943,0.0,0,0.0,0.0
808.0,B,RUNNING,804.38,6,7,1,10,0.1,30.0,99.4,1012.3943,0.0,0,0.0,0.0
809.0,B,RUNNING,805.38,6,7,1,10,0.1,30.0,99.4,1011.3943,0.0,0,0.0,0.0
810.0,B,RUNNING,806.38,6,7,1,10,0.1,30.0,99.4,1010.3943,0.0,0,0.0,0.0
811.0,B,RUNNING,807.38,6,7,1,10,0.1,30.0,99.4,1009.3943,0.0,0,0.0,0.0
812.0,B,RUNNING,808.38,6,7,1,10,0.1,30.0,99.4,1008.3943,0.0,0,0.0,0.0
813.0,B,RUNNING,809.38,6,7,1,10,0.1,30.0,99.4,1007.3943,0.0,0,0.0,0.0
814.0,B,RUNNING,810.38,6,7,1,10,0.1,30.0,99.4,1006.3943,0.0,0,0.0,0.0
815.0,B,RUNNING,811.38,6,7,1,10,0.1,30.0,99.4,1005.3943,0.0,0,0.0,0.0
816.0,B,RUNNING,812.38,6,7,1,10,0.1,30.0,99.4,1004.3943,0.0,0,0.0,0.0
817.0,B,RUNNING,813.38,6,7,1,10,0.1,30.0,99.4,1003.3943,0.0,0,0.0,0.0
818.0,B,RUNNING,814.38,6,7,1,10,0.1,30.0,99.4,1002.3943,0.0,0,0.0,0.0
819.0,B,RUNNING,815.38,6,7,1,10,0.1,30.0,99.4,1001.3943,0.0,0,0.0,0.0
820.0,B,RUNNING,816.38,6,7,1,10,0.1,30.0,99.4,1000.3943,0.0,0,0.0,0.0
821.0,B,RUNNING,817.38,6,7,1,10,0.1,30.0,99.4,999.3943,0.0,0,0.0,0.0
822.0,B,RUNNING,818.38,6,7,1,10,0.1,30.0,99.4,998.3943,0.0,0,0.0,0.0
823.0,B,RUNNING,819.38,6,7,1,10,0.1,30.0,99.4,997.3943,0.0,0,0.0,0.0
824.0,B,RUNNING,820.38,6,7,1,10,0.1,30.0,99.4,996.3943,0.0,0,0.0,0.0
825.0,B,RUNNING,821.38,6,7,1,10,0.1,30.0,99.4,995.3943,0.0,0,0.0,0.0
826.0,B,RUNNING,822.38,6,7,1,10,0.1,30.0,99.4,994.3943,0.0,0,0.0,0.0
827.0,B,RUNNING,823.38,6,7,1,10,0.1,30.0,99.4,993.3943,0.0,0,0.0,0.0
828.0,B,RUNNING,824.38,6,7,1,10,0.1,30.0,99.4,992.3943,0.0,0,0.0,0.0
829.0,B,RUNNING,825.38,6,7,1,10,0.1,30.0,99.4,991.3943,0.0,0,0.0,0.0
830.0,B,RUNNING,826.38,6,7,1,10,0.1,30.0,99.4,990.3943,0.0,0,0.0,0.0
831.0,B,RUNNING,827.38,6,7,1,10,0.1,30.0,99.4,989.3943,0.0,0,0.0,0.0
832.0,B,RUNNING,828.38,6,7,1,10,0.1,30.0,99.4,988.3943,0.0,0,0.0,0.0
833.0,B,RUNNING,829.38,6,7,1,10,0.1,30.0,99.4,987.3943,0.0,0,0.0,0.0
834.0,B,RUNNING,830.38,6,7,1,10,0.1,30.0,99.4,986.3943,0.0,0,0.0,0.0
835.0,B,RUNNING,831.38,6,7,1,10,0.1,30.0,99.4,985.3943,0.0,0,0.0,0.0
836.0,B,RUNNING,832.38,6,7,1,10,0.1,30.0,99.4,984.3943,0.0,0,0.0,0.0
837.0,B,RUNNING,833.38,6,7,1,10,0.1,30.0,99.4,983.3943,0.0,0,0.0,0.0
838.0,B,RUNNING,834.38,6,7,1,10,0.1,30.0,99.4,982.3943,0.0,0,0.0,0.0
839.0,B,RUNNING,835.38,6,7,1,10,0.1,30.0,99.4,981.3943,0.0,0,0.0,0.0
840.0,B,RUNNING,836.38,6,7,1,10,0.1,30.0,99.4,980.3943,0.0,0,0.0,0.0
841.0,B,RUNNING,837.38,6,7,1,10,0.1,30.0,99.4,979.3943,0.0,0,0.0,0.0
842.0,B,RUNNING,838.38,6,7,1,10,0.1,30.0,99.4,978.3943,0.0,0,0.0,0.0
843.0,B,RUNNING,839.38,6,7,1,10,0.1,30.0,99.4,977.3943,0.0,0,0.0,0.0
844.0,B,RUNNING,840.38,6,7,1,10,0.1,30.0,99.4,976.3943,0.0,0,0.0,0.0
845.0,B,RUNNING,841.38,6,7,1,10,0.1,30.0,99.4,975.3943,0.0,0,0.0,0.0
846.0,B,RUNNING,842.38,6,7,1,10,0.1,30.0,99.4,974.3943,0.0,0,0.0,0.0
847.0,B,RUNNING,843.38,6,8,0,10,0.0,30.0,99.4,1093.3943,0.0,0,0.0,0.0
848.0,B,RUNNING,844.38,6,8,0,10,0.0,30.0,99.4,1092.3943,0.0,0,0.0,0.0
849.0,B,RUNNING,845.38,6,8,0,10,0.0,30.0,99.4,1091.3943,0.0,0,0.0,0.0
850.0,B,RUNNING,846.38,6,8,0,10,0.0,30.0,99.4,1090.3943,0.0,0,0.0,0.0
851.0,B,RUNNING,847.38,6,8,0,10,0.0,30.0,99.4,1089.3943,0.0,0,0.0,0.0
852.0,B,RUNNING,848.38,6,8,0,10,0.0,30.0,99.4,1088.3943,0.0,0,0.0,0.0
853.0,B,RUNNING,849.38,6,8,0,10,0.0,30.0,99.4,1087.3943,0.0,0,0.0,0.0
854.0,B,RUNNING,850.38,6,8,0,10,0.0,30.0,99.4,1086.3943,0.0,0,0.0,0.0
855.0,B,RUNNING,851.38,6,8,0,10,0.0,30.0,99.4,1085.3943,0.0,0,0.0,0.0
856.0,B,RUNNING,852.38,6,8,0,10,0.0,30.0,99.4,1084.3943,0.0,0,0.0,0.0
857.0,B,RUNNING,853.38,6,8,0,10,0.0,30.0,99.4,1083.3943,0.0,0,0.0,0.0
858.0,B,RUNNING,854.38,6,8,0,10,0.0,30.0,99.4,1082.3943,0.0,0,0.0,0.0
859.0,B,RUNNING,855.38,6,8,0,10,0.0,30.0,99.4,1081.3943,0.0,0,0.0,0.0
860.0,B,RUNNING,856.38,6,8,0,10,0.0,30.0,99.4,1080.3943,0.0,0,0.0,0.0
861.0,B,RUNNING,857.38,7,8,1,10,0.1,30.0,99.3,1062.3267,0.0,0,0.0,0.0
862.0,B,RUNNING,858.38,7,8,1,10,0.1,30.0,99.3,1061.3267,0.0,0,0.0,0.0
863.0,B,RUNNING,859.38,7,8,1,10,0.1,30.0,99.3,1060.3267,0.0,0,0.0,0.0
864.0,B,RUNNING,860.38,7,8,1,10,0.1,30.0,99.3,1059.3267,0.0,0,0.0,0.0
865.0,B,RUNNING,861.38,7,8,1,10,0.1,30.0,99.3,1058.3267,0.0,0,0.0,0.0
866.0,B,RUNNING,862.38,7,8,1,10,0.1,30.0,99.3,1057.3267,0.0,0,0.0,0.0
867.0,B,RUNNING,863.38,7,8,1,10,0.1,30.0,99.3,1056.3267,0.0,0,0.0,0.0
868.0,B,RUNNING,864.38,7,8,1,10,0.1,30.0,99.3,1055.3267,0.0,0,0.0,0.0
869.0,B,RUNNING,865.38,7,8,1,10,0.1,30.0,99.3,1054.3267,0.0,0,0.0,0.0
870.0,B,RUNNING,866.38,7,8,1,10,0.1,30.0,99.3,1053.3267,0.0,0,0.0,0.0
871.0,B,RUNNING,867.38,7,8,1,10,0.1,30.0,99.3,1052.3267,0.0,0,0.0,0.0
872.0,B,RUNNING,868.38,7,8,1,10,0.1,30.0,99.3,1051.3267,0.0,0,0.0,0.0
873.0,B,RUNNING,869.38,7,8,1,10,0.1,30.0,99.3,1050.3267,0.0,0,0.0,0.0
874.0,B,RUNNING,870.38,7,8,1,10,0.1,30.0,99.3,1049.3267,0.0,0,0.0,0.0
875.0,B,RUNNING,871.38,7,8,1,10,0.1,30.0,99.3,1048.3267,0.0,0,0.0,0.0
876.0,B,RUNNING,872.38,7,8,1,10,0.1,30.0,99.3,1047.3267,0.0,0,0.0,0.0
877.0,B,RUNNING,873.38,7,8,1,10,0.1,30.0,99.3,1046.3267,0.0,0,0.0,0.0
878.0,B,RUNNING,874.38,7,8,1,10,0.1,30.0,99.3,1045.3267,0.0,0,0.0,0.0
879.0,B,RUNNING,875.38,7,8,1,10,0.1,30.0,99.3,1044.3267,0.0,0,0.0,0.0
880.0,B,RUNNING,876.38,7,8,1,10,0.1,30.0,99.3,1043.3267,0.0,0,0.0,0.0
881.0,B,RUNNING,877.38,7,8,1,10,0.1,30.0,99.3,1042.3267,0.0,0,0.0,0.0
882.0,B,RUNNING,878.38,7,8,1,10,0.1,30.0,99.3,1041.3267,0.0,0,0.0,0.0
883.0,B,RUNNING,879.38,7,8,1,10,0.1,30.0,99.3,1040.3267,0.0,0,0.0,0.0
884.0,B,RUNNING,880.38,7,8,1,10,0.1,30.0,99.3,1039.3267,0.0,0,0.0,0.0
885.0,B,RUNNING,881.38,7,8,1,10,0.1,30.0,99.3,1038.3267,0.0,0,0.0,0.0
886.0,B,RUNNING,882.38,7,8,1,10,0.1,30.0,99.3,1037.3267,0.0,0,0.0,0.0
887.0,B,RUNNING,883.38,7,8,1,10,0.1,30.0,99.3,1036.3267,0.0,0,0.0,0.0
888.0,B,RUNNING,884.38,7,8,1,10,0.1,30.0,99.3,1035.3267,0.0,0,0.0,0.0
889.0,B,RUNNING,885.38,7,8,1,10,0.1,30.0,99.3,1034.3267,0.0,0,0.0,0.0
890.0,B,RUNNING,886.38,7,8,1,10,0.1,30.0,99.3,1033.3267,0.0,0,0.0,0.0
891.0,B,RUNNING,887.38,7,8,1,10,0.1,30.0,99.3,1032.3267,0.0,0,0.0,0.0
892.0,B,RUNNING,888.38,7,8,1,10,0.1,30.0,99.3,1031.3267,0.0,0,0.0,0.0
893.0,B,RUNNING,889.38,7,8,1,10,0.1,30.0,99.3,1030.3267,0.0,0,0.0,0.0
894.0,B,RUNNING,890.38,7,8,1,10,0.1,30.0,99.3,1029.3267,0.0,0,0.0,0.0
895.0,B,RUNNING,891.38,7,8,1,10,0.1,30.0,99.3,1028.3267,0.0,0,0.0,0.0
896.0,B,RUNNING,892.38,7,8,1,10,0.1,30.0,99.3,1027.3267,0.0,0,0.0,0.0
897.0,B,RUNNING,893.38,7,8,1,10,0.1,30.0,99.3,1026.3267,0.0,0,0.0,0.0
898.0,B,RUNNING,894.38,7,8,1,10,0.1,30.0,99.3,1025.3267,0.0,0,0.0,0.0
899.0,B,RUNNING,895.38,7,8,1,10,0.1,30.0,99.3,1024.3267,0.0,0,0.0,0.0
900.0,B,RUNNING,896.38,7,8,1,10,0.1,30.0,99.3,1023.3267,0.0,0,0.0,0.0
901.0,B,RUNNING,897.38,7,8,1,10,0.1,30.0,99.3,1022.3267,0.0,0,0.0,0.0
902.0,B,RUNNING,898.38,7,8,1,10,0.1,30.0,99.3,1021.3267,0.0,0,0.0,0.0
903.0,B,RUNNING,899.38,7,8,1,10,0.1,30.0,99.3,1020.3267,0.0,0,0.0,0.0
904.0,B,RUNNING,900.38,7,8,1,10,0.1,30.0,99.3,1019.3267,0.0,0,0.0,0.0
905.0,B,RUNNING,901.38,7,8,1,10,0.1,30.0,99.3,1018.3267,0.0,0,0.0,0.0
906.0,B,RUNNING,902.38,7,8,1,10,0.1,30.0,99.3,1017.3267,0.0,0,0.0,0.0
907.0,B,RUNNING,903.38,7,8,1,10,0.1,30.0,99.3,1016.3267,0.0,0,0.0,0.0
908.0,B,RUNNING,904.38,7,8,1,10,0.1,30.0,99.3,1015.3267,0.0,0,0.0,0.0
909.0,B,RUNNING,905.38,7,8,1,10,0.1,30.0,99.3,1014.3267,0.0,0,0.0,0.0
910.0,B,RUNNING,906.38,7,8,1,10,0.1,30.0,99.3,1013.3267,0.0,0,0.0,0.0
911.0,B,RUNNING,907.38,7,8,1,10,0.1,30.0,99.3,1012.3267,0.0,0,0.0,0.0
912.0,B,RUNNING,908.38,7,8,1,10,0.1,30.0,99.3,1011.3267,0.0,0,0.0,0.0
913.0,B,RUNNING,909.38,7,8,1,10,0.1,30.0,99.3,1010.3267,0.0,0,0.0,0.0
914.0,B,RUNNING,910.38,7,8,1,10,0.1,30.0,99.3,1009.3267,0.0,0,0.0,0.0
915.0,B,RUNNING,911.38,7,8,1,10,0.1,30.0,99.3,1008.3267,0.0,0,0.0,0.0
916.0,B,RUNNING,912.38,7,8,1,10,0.1,30.0,99.3,1007.3267,0.0,0,0.0,0.0
917.0,B,RUNNING,913.38,7,8,1,10,0.1,30.0,99.3,1006.3267,0.0,0,0.0,0.0
918.0,B,RUNNING,914.38,7,8,1,10,0.1,30.0,99.3,1005.3267,0.0,0,0.0,0.0
919.0,B,RUNNING,915.38,7,8,1,10,0.1,30.0,99.3,1004.3267,0.0,0,0.0,0.0
920.0,B,RUNNING,916.38,7,8,1,10,0.1,30.0,99.3,1003.3267,0.0,0,0.0,0.0
921.0,B,RUNNING,917.38,7,8,1,10,0.1,30.0,99.3,1002.3267,0.0,0,0.0,0.0
922.0,B,RUNNING,918.38,7,8,1,10,0.1,30.0,99.3,1001.3267,0.0,0,0.0,0.0
923.0,B,RUNNING,919.38,7,8,1,10,0.1,30.0,99.3,1000.3267,0.0,0,0.0,0.0
924.0,B,RUNNING,920.38,7,8,1,10,0.1,30.0,99.3,999.3267,0.0,0,0.0,0.0
925.0,B,RUNNING,921.38,7,8,1,10,0.1,30.0,99.3,998.3267,0.0,0,0.0,0.0
926.0,B,RUNNING,922.38,7,8,1,10,0.1,30.0,99.3,997.3267,0.0,0,0.0,0.0
927.0,B,RUNNING,923.38,7,8,1,10,0.1,30.0,99.3,996.3267,0.0,0,0.0,0.0
928.0,B,RUNNING,924.38,7,8,1,10,0.1,30.0,99.3,995.3267,0.0,0,0.0,0.0
929.0,B,RUNNING,925.38,7,8,1,10,0.1,30.0,99.3,994.3267,0.0,0,0.0,0.0
930.0,B,RUNNING,926.38,7,8,1,10,0.1,30.0,99.3,993.3267,0.0,0,0.0,0.0
931.0,B,RUNNING,927.38,7,8,1,10,0.1,30.0,99.3,992.3267,0.0,0,0.0,0.0
932.0,B,RUNNING,928.38,7,8,1,10,0.1,30.0,99.3,991.3267,0.0,0,0.0,0.0
933.0,B,RUNNING,929.38,7,8,1,10,0.1,30.0,99.3,990.3267,0.0,0,0.0,0.0
934.0,B,RUNNING,930.38,7,8,1,10,0.1,30.0,99.3,989.3267,0.0,0,0.0,0.0
935.0,B,RUNNING,931.38,7,8,1,10,0.1,30.0,99.3,988.3267,0.0,0,0.0,0.0
936.0,B,RUNNING,932.38,7,8,1,10,0.1,30.0,99.3,987.3267,0.0,0,0.0,0.0
937.0,B,RUNNING,933.38,7,8,1,10,0.1,30.0,99.3,986.3267,0.0,0,0.0,0.0
938.0,B,RUNNING,934.38,7,8,1,10,0.1,30.0,99.3,985.3267,0.0,0,0.0,0.0
939.0,B,RUNNING,935.38,7,8,1,10,0.1,30.0,99.3,984.3267,0.0,0,0.0,0.0
940.0,B,RUNNING,936.38,7,8,1,10,0.1,30.0,99.3,983.3267,0.0,0,0.0,0.0
941.0,B,RUNNING,937.38,7,8,1,10,0.1,30.0,99.3,982.3267,0.0,0,0.0,0.0
942.0,B,RUNNING,938.38,7,8,1,10,0.1,30.0,99.3,981.3267,0.0,0,0.0,0.0
943.0,B,RUNNING,939.38,7,8,1,10,0.1,30.0,99.3,980.3267,0.0,0,0.0,0.0
944.0,B,RUNNING,940.38,7,8,1,10,0.1,30.0,99.3,979.3267,0.0,0,0.0,0.0
945.0,B,RUNNING,941.38,7,8,1,10,0.1,30.0,99.3,978.3267,0.0,0,0.0,0.0
946.0,B,RUNNING,942.38,7,8,1,10,0.1,30.0,99.3,977.3267,0.0,0,0.0,0.0
947.0,B,RUNNING,943.38,7,8,1,10,0.1,30.0,99.3,976.3267,0.0,0,0.0,0.0
948.0,B,RUNNING,944.38,7,8,1,10,0.1,30.0,99.3,975.3267,0.0,0,0.0,0.0
949.0,B,RUNNING,945.38,7,8,1,10,0.1,30.0,99.3,974.3267,0.0,0,0.0,0.0
950.0,B,RUNNING,946.38,7,8,1,10,0.1,30.0,99.3,973.3267,0.0,0,0.0,0.0
951.0,B,RUNNING,947.38,7,8,1,10,0.1,30.0,99.3,972.3267,0.0,0,0.0,0.0
952.0,B,RUNNING,948.38,7,8,1,10,0.1,30.0,99.3,971.3267,0.0,0,0.0,0.0
953.0,B,RUNNING,949.38,7,8,1,10,0.1,30.0,99.3,970.3267,0.0,0,0.0,0.0
954.0,B,RUNNING,950.38,7,8,1,10,0.1,30.0,99.3,969.3267,0.0,0,0.0,0.0
955.0,B,RUNNING,951.38,7,8,1,10,0.1,30.0,99.3,968.3267,0.0,0,0.0,0.0
956.0,B,RUNNING,952.38,7,9,0,10,0.0,30.0,99.3,1087.3267,0.0,0,0.0,0.0
957.0,B,RUNNING,953.38,7,9,0,10,0.0,30.0,99.3,1086.3267,0.0,0,0.0,0.0
958.0,B,RUNNING,954.38,7,9,0,10,0.0,30.0,99.3,1085.3267,0.0,0,0.0,0.0
959.0,B,RUNNING,955.38,7,9,0,10,0.0,30.0,99.3,1084.3267,0.0,0,0.0,0.0
960.0,B,RUNNING,956.38,7,9,0,10,0.0,30.0,99.3,1083.3267,0.0,0,0.0,0.0
961.0,B,RUNNING,957.38,7,9,0,10,0.0,30.0,99.3,1082.3267,0.0,0,0.0,0.0
962.0,B,RUNNING,958.38,7,9,0,10,0.0,30.0,99.3,1081.3267,0.0,0,0.0,0.0
963.0,B,RUNNING,959.38,7,9,0,10,0.0,30.0,99.3,1080.3267,0.0,0,0.0,0.0
964.0,B,RUNNING,960.38,8,9,1,10,0.1,30.0,99.2,1046.4296,0.0,0,0.0,0.0
965.0,B,RUNNING,961.38,8,9,1,10,0.1,30.0,99.2,1045.4296,0.0,0,0.0,0.0
966.0,B,RUNNING,962.38,8,9,1,10,0.1,30.0,99.2,1044.4296,0.0,0,0.0,0.0
967.0,B,RUNNING,963.38,8,9,1,10,0.1,30.0,99.2,1043.4296,0.0,0,0.0,0.0
968.0,B,RUNNING,964.38,8,9,1,10,0.1,30.0,99.2,1042.4296,0.0,0,0.0,0.0
969.0,B,RUNNING,965.38,8,9,1,10,0.1,30.0,99.2,1041.4296,0.0,0,0.0,0.0
970.0,B,RUNNING,966.38,8,9,1,10,0.1,30.0,99.2,1040.4296,0.0,0,0.0,0.0
971.0,B,RUNNING,967.38,8,9,1,10,0.1,30.0,99.2,1039.4296,0.0,0,0.0,0.0
972.0,B,RUNNING,968.38,8,9,1,10,0.1,30.0,99.2,1038.4296,0.0,0,0.0,0.0
973.0,B,RUNNING,969.38,8,9,1,10,0.1,30.0,99.2,1037.4296,0.0,0,0.0,0.0
974.0,B,RUNNING,970.38,8,9,1,10,0.1,30.0,99.2,1036.4296,0.0,0,0.0,0.0
975.0,B,RUNNING,971.38,8,9,1,10,0.1,30.0,99.2,1035.4296,0.0,0,0.0,0.0
976.0,B,RUNNING,972.38,8,9,1,10,0.1,30.0,99.2,1034.4296,0.0,0,0.0,0.0
977.0,B,RUNNING,973.38,8,9,1,10,0.1,30.0,99.2,1033.4296,0.0,0,0.0,0.0
978.0,B,RUNNING,974.38,8,9,1,10,0.1,30.0,99.2,1032.4296,0.0,0,0.0,0.0
979.0,B,RUNNING,975.38,8,9,1,10,0.1,30.0,99.2,1031.4296,0.0,0,0.0,0.0
980.0,B,RUNNING,976.38,8,9,1,10,0.1,30.0,99.2,1030.4296,0.0,0,0.0,0.0
981.0,B,RUNNING,977.38,8,9,1,10,0.1,30.0,99.2,1029.4296,0.0,0,0.0,0.0
982.0,B,RUNNING,978.38,8,9,1,10,0.1,30.0,99.2,1028.4296,0.0,0,0.0,0.0
983.0,B,RUNNING,979.38,8,9,1,10,0.1,30.0,99.2,1027.4296,0.0,0,0.0,0.0
984.0,B,RUNNING,980.38,8,9,1,10,0.1,30.0,99.2,1026.4296,0.0,0,0.0,0.0
985.0,B,RUNNING,981.38,8,9,1,10,0.1,30.0,99.2,1025.4296,0.0,0,0.0,0.0
986.0,B,RUNNING,982.38,8,9,1,10,0.1,30.0,99.2,1024.4296,0.0,0,0.0,0.0
987.0,B,RUNNING,983.38,8,9,1,10,0.1,30.0,99.2,1023.4296,0.0,0,0.0,0.0
988.0,B,RUNNING,984.38,8,9,1,10,0.1,30.0,99.2,1022.4296,0.0,0,0.0,0.0
989.0,B,RUNNING,985.38,8,9,1,10,0.1,30.0,99.2,1021.4296,0.0,0,0.0,0.0
990.0,B,RUNNING,986.38,8,9,1,10,0.1,30.0,99.2,1020.4296,0.0,0,0.0,0.0
991.0,B,RUNNING,987.38,8,9,1,10,0.1,30.0,99.2,1019.4296,0.0,0,0.0,0.0
992.0,B,RUNNING,988.38,8,9,1,10,0.1,30.0,99.2,1018.4296,0.0,0,0.0,0.0
993.0,B,RUNNING,989.38,8,9,1,10,0.1,30.0,99.2,1017.4296,0.0,0,0.0,0.0
994.0,B,RUNNING,990.38,8,9,1,10,0.1,30.0,99.2,1016.4296,0.0,0,0.0,0.0
995.0,B,RUNNING,991.38,8,9,1,10,0.1,30.0,99.2,1015.4296,0.0,0,0.0,0.0
996.0,B,RUNNING,992.38,8,9,1,10,0.1,30.0,99.2,1014.4296,0.0,0,0.0,0.0
997.0,B,RUNNING,993.38,8,9,1,10,0.1,30.0,99.2,1013.4296,0.0,0,0.0,0.0
998.0,B,RUNNING,994.38,8,9,1,10,0.1,30.0,99.2,1012.4296,0.0,0,0.0,0.0
999.0,B,RUNNING,995.38,8,9,1,10,0.1,30.0,99.2,1011.4296,0.0,0,0.0,0.0
1000.0,B,RUNNING,996.38,8,9,1,10,0.1,30.0,99.2,1010.4296,0.0,0,0.0,0.0
1001.0,B,RUNNING,997.38,8,9,1,10,0.1,30.0,99.2,1009.4296,0.0,0,0.0,0.0
1002.0,B,RUNNING,998.38,8,9,1,10,0.1,30.0,99.2,1008.4296,0.0,0,0.0,0.0
1003.0,B,RUNNING,999.38,8,9,1,10,0.1,30.0,99.2,1007.4296,0.0,0,0.0,0.0
1004.0,B,RUNNING,1000.38,8,9,1,10,0.1,30.0,99.2,1006.4296,0.0,0,0.0,0.0
1005.0,B,RUNNING,1001.38,8,9,1,10,0.1,30.0,99.2,1005.4296,0.0,0,0.0,0.0
1006.0,B,RUNNING,1002.38,8,9,1,10,0.1,30.0,99.2,1004.4296,0.0,0,0.0,0.0
1007.0,B,RUNNING,1003.38,8,9,1,10,0.1,30.0,99.2,1003.4296,0.0,0,0.0,0.0
1008.0,B,RUNNING,1004.38,8,9,1,10,0.1,30.0,99.2,1002.4296,0.0,0,0.0,0.0
1009.0,B,RUNNING,1005.38,8,9,1,10,0.1,30.0,99.2,1001.4296,0.0,0,0.0,0.0
1010.0,B,RUNNING,1006.38,8,9,1,10,0.1,30.0,99.2,1000.4296,0.0,0,0.0,0.0
1011.0,B,RUNNING,1007.38,8,9,1,10,0.1,30.0,99.2,999.4296,0.0,0,0.0,0.0
1012.0,B,RUNNING,1008.38,8,9,1,10,0.1,30.0,99.2,998.4296,0.0,0,0.0,0.0
1013.0,B,RUNNING,1009.38,8,9,1,10,0.1,30.0,99.2,997.4296,0.0,0,0.0,0.0
1014.0,B,RUNNING,1010.38,8,9,1,10,0.1,30.0,99.2,996.4296,0.0,0,0.0,0.0
1015.0,B,RUNNING,1011.38,8,9,1,10,0.1,30.0,99.2,995.4296,0.0,0,0.0,0.0
1016.0,B,RUNNING,1012.38,8,9,1,10,0.1,30.0,99.2,994.4296,0.0,0,0.0,0.0
1017.0,B,RUNNING,1013.38,8,9,1,10,0.1,30.0,99.2,993.4296,0.0,0,0.0,0.0
1018.0,B,RUNNING,1014.38,8,9,1,10,0.1,30.0,99.2,992.4296,0.0,0,0.0,0.0
1019.0,B,RUNNING,1015.38,8,9,1,10,0.1,30.0,99.2,991.4296,0.0,0,0.0,0.0
1020.0,B,RUNNING,1016.38,8,9,1,10,0.1,30.0,99.2,990.4296,0.0,0,0.0,0.0
1021.0,B,RUNNING,1017.38,8,9,1,10,0.1,30.0,99.2,989.4296,0.0,0,0.0,0.0
1022.0,B,RUNNING,1018.38,8,9,1,10,0.1,30.0,99.2,988.4296,0.0,0,0.0,0.0
1023.0,B,RUNNING,1019.38,8,9,1,10,0.1,30.0,99.2,987.4296,0.0,0,0.0,0.0
1024.0,B,RUNNING,1020.38,8,9,1,10,0.1,30.0,99.2,986.4296,0.0,0,0.0,0.0
1025.0,B,RUNNING,1021.38,8,9,1,10,0.1,30.0,99.2,985.4296,0.0,0,0.0,0.0
1026.0,B,RUNNING,1022.38,8,9,1,10,0.1,30.0,99.2,984.4296,0.0,0,0.0,0.0
1027.0,B,RUNNING,1023.38,8,9,1,10,0.1,30.0,99.2,983.4296,0.0,0,0.0,0.0
1028.0,B,RUNNING,1024.38,8,9,1,10,0.1,30.0,99.2,982.4296,0.0,0,0.0,0.0
1029.0,B,RUNNING,1025.38,8,9,1,10,0.1,30.0,99.2,981.4296,0.0,0,0.0,0.0
1030.0,B,RUNNING,1026.38,8,9,1,10,0.1,30.0,99.2,980.4296,0.0,0,0.0,0.0
1031.0,B,RUNNING,1027.38,8,9,1,10,0.1,30.0,99.2,979.4296,0.0,0,0.0,0.0
1032.0,B,RUNNING,1028.38,8,9,1,10,0.1,30.0,99.2,978.4296,0.0,0,0.0,0.0
1033.0,B,RUNNING,1029.38,8,9,1,10,0.1,30.0,99.2,977.4296,0.0,0,0.0,0.0
1034.0,B,RUNNING,1030.38,8,9,1,10,0.1,30.0,99.2,976.4296,0.0,0,0.0,0.0
1035.0,B,RUNNING,1031.38,8,9,1,10,0.1,30.0,99.2,975.4296,0.0,0,0.0,0.0
1036.0,B,RUNNING,1032.38,8,9,1,10,0.1,30.0,99.2,974.4296,0.0,0,0.0,0.0
1037.0,B,RUNNING,1033.38,8,9,1,10,0.1,30.0,99.2,973.4296,0.0,0,0.0,0.0
1038.0,B,RUNNING,1034.38,8,9,1,10,0.1,30.0,99.2,972.4296,0.0,0,0.0,0.0
1039.0,B,RUNNING,1035.38,8,9,1,10,0.1,30.0,99.2,971.4296,0.0,0,0.0,0.0
1040.0,B,RUNNING,1036.38,8,9,1,10,0.1,30.0,99.2,970.4296,0.0,0,0.0,0.0
1041.0,B,RUNNING,1037.38,8,9,1,10,0.1,30.0,99.2,969.4296,0.0,0,0.0,0.0
1042.0,B,RUNNING,1038.38,8,9,1,10,0.1,30.0,99.2,968.4296,0.0,0,0.0,0.0
1043.0,B,RUNNING,1039.38,8,9,1,10,0.1,30.0,99.2,967.4296,0.0,0,0.0,0.0
1044.0,B,RUNNING,1040.38,8,9,1,10,0.1,30.0,99.2,966.4296,0.0,0,0.0,0.0
1045.0,B,RUNNING,1041.38,8,9,1,10,0.1,30.0,99.2,965.4296,0.0,0,0.0,0.0
1046.0,B,RUNNING,1042.38,8,9,1,10,0.1,30.0,99.2,964.4296,0.0,0,0.0,0.0
1047.0,B,RUNNING,1043.38,8,9,1,10,0.1,30.0,99.2,963.4296,0.0,0,0.0,0.0
1048.0,B,RUNNING,1044.38,8,9,1,10,0.1,30.0,99.2,962.4296,0.0,0,0.0,0.0
1049.0,B,RUNNING,1045.38,8,9,1,10,0.1,30.0,99.2,961.4296,0.0,0,0.0,0.0
1050.0,B,RUNNING,1046.38,8,9,1,10,0.1,30.0,99.2,960.4296,0.0,0,0.0,0.0
1051.0,B,RUNNING,1047.38,9,9,2,10,0.2,30.0,99.1,988.2844,0.0,0,0.0,0.0
1052.0,B,RUNNING,1048.38,9,9,2,10,0.2,30.0,99.1,987.2844,0.0,0,0.0,0.0
1053.0,B,RUNNING,1049.38,9,9,2,10,0.2,30.0,99.1,986.2844,0.0,0,0.0,0.0
1054.0,B,RUNNING,1050.38,9,9,2,10,0.2,30.0,99.1,985.2844,0.0,0,0.0,0.0
1055.0,B,RUNNING,1051.38,9,9,2,10,0.2,30.0,99.1,984.2844,0.0,0,0.0,0.0
1056.0,B,RUNNING,1052.38,9,9,2,10,0.2,30.0,99.1,983.2844,0.0,0,0.0,0.0
1057.0,B,RUNNING,1053.38,9,9,2,10,0.2,30.0,99.1,982.2844,0.0,0,0.0,0.0
1058.0,B,RUNNING,1054.38,9,9,2,10,0.2,30.0,99.1,981.2844,0.0,0,0.0,0.0
1059.0,B,RUNNING,1055.38,9,9,2,10,0.2,30.0,99.1,980.2844,0.0,0,0.0,0.0
1060.0,B,RUNNING,1056.38,9,9,2,10,0.2,30.0,99.1,979.2844,0.0,0,0.0,0.0
1061.0,B,RUNNING,1057.38,9,9,2,10,0.2,30.0,99.1,978.2844,0.0,0,0.0,0.0
1062.0,B,RUNNING,1058.38,9,9,2,10,0.2,30.0,99.1,977.2844,0.0,0,0.0,0.0
1063.0,B,RUNNING,1059.38,9,9,2,10,0.2,30.0,99.1,976.2844,0.0,0,0.0,0.0
1064.0,B,RUNNING,1060.38,9,9,2,10,0.2,30.0,99.1,975.2844,0.0,0,0.0,0.0
1065.0,B,RUNNING,1061.38,9,9,2,10,0.2,30.0,99.1,974.2844,0.0,0,0.0,0.0
1066.0,B,RUNNING,1062.38,9,9,2,10,0.2,30.0,99.1,973.2844,0.0,0,0.0,0.0
1067.0,B,RUNNING,1063.38,9,9,2,10,0.2,30.0,99.1,972.2844,0.0,0,0.0,0.0
1068.0,B,RUNNING,1064.38,9,9,2,10,0.2,30.0,99.1,971.2844,0.0,0,0.0,0.0
1069.0,B,RUNNING,1065.38,9,9,2,10,0.2,30.0,99.1,970.2844,0.0,0,0.0,0.0
1070.0,B,RUNNING,1066.38,9,9,2,10,0.2,30.0,99.1,969.2844,0.0,0,0.0,0.0
1071.0,B,RUNNING,1067.38,9,9,2,10,0.2,30.0,99.1,968.2844,0.0,0,0.0,0.0
1072.0,B,RUNNING,1068.38,9,9,2,10,0.2,30.0,99.1,967.2844,0.0,0,0.0,0.0
1073.0,B,RUNNING,1069.38,9,9,2,10,0.2,30.0,99.1,966.2844,0.0,0,0.0,0.0
1074.0,B,RUNNING,1070.38,9,9,2,10,0.2,30.0,99.1,965.2844,0.0,0,0.0,0.0
1075.0,B,RUNNING,1071.38,9,9,2,10,0.2,30.0,99.1,964.2844,0.0,0,0.0,0.0
1076.0,B,RUNNING,1072.38,9,9,2,10,0.2,30.0,99.1,963.2844,0.0,0,0.0,0.0
1077.0,B,RUNNING,1073.38,9,9,2,10,0.2,30.0,99.1,962.2844,0.0,0,0.0,0.0
1078.0,B,RUNNING,1074.38,9,9,2,10,0.2,30.0,99.1,961.2844,0.0,0,0.0,0.0
1079.0,B,RUNNING,1075.38,9,9,2,10,0.2,30.0,99.1,960.2844,0.0,0,0.0,0.0
1080.0,B,RUNNING,1076.38,9,9,2,10,0.2,30.0,99.1,959.2844,0.0,0,0.0,0.0
1081.0,B,RUNNING,1077.38,9,9,2,10,0.2,30.0,99.1,958.2844,0.0,0,0.0,0.0
1082.0,B,RUNNING,1078.38,9,9,2,10,0.2,30.0,99.1,957.2844,0.0,0,0.0,0.0
1083.0,B,RUNNING,1079.38,9,9,2,10,0.2,30.0,99.1,956.2844,0.0,0,0.0,0.0
1084.0,B,RUNNING,1080.38,9,9,2,10,0.2,30.0,99.1,955.2844,0.0,0,0.0,0.0
1085.0,B,RUNNING,1081.38,9,9,2,10,0.2,30.0,99.1,954.2844,0.0,0,0.0,0.0
1086.0,B,RUNNING,1082.38,9,9,2,10,0.2,30.0,99.1,953.2844,0.0,0,0.0,0.0
1087.0,B,RUNNING,1083.38,9,9,2,10,0.2,30.0,99.1,952.2844,0.0,0,0.0,0.0
1088.0,B,RUNNING,1084.38,9,9,2,10,0.2,30.0,99.1,951.2844,0.0,0,0.0,0.0
1089.0,B,RUNNING,1085.38,9,9,2,10,0.2,30.0,99.1,950.2844,0.0,0,0.0,0.0
1090.0,B,RUNNING,1086.38,9,9,2,10,0.2,30.0,99.1,949.2844,0.0,0,0.0,0.0
1091.0,B,RUNNING,1087.38,9,9,2,10,0.2,30.0,99.1,948.2844,0.0,0,0.0,0.0
1092.0,B,RUNNING,1088.38,9,9,2,10,0.2,30.0,99.1,947.2844,0.0,0,0.0,0.0
1093.0,B,RUNNING,1089.38,9,9,2,10,0.2,30.0,99.1,946.2844,0.0,0,0.0,0.0
1094.0,B,RUNNING,1090.38,9,9,2,10,0.2,30.0,99.1,945.2844,0.0,0,0.0,0.0
1095.0,B,RUNNING,1091.38,9,9,2,10,0.2,30.0,99.1,944.2844,0.0,0,0.0,0.0
1096.0,B,RUNNING,1092.38,9,9,2,10,0.2,30.0,99.1,943.2844,0.0,0,0.0,0.0
1097.0,B,RUNNING,1093.38,9,9,2,10,0.2,30.0,99.1,942.2844,0.0,0,0.0,0.0
1098.0,B,RUNNING,1094.38,9,9,2,10,0.2,30.0,99.1,941.2844,0.0,0,0.0,0.0
1099.0,B,RUNNING,1095.38,9,9,2,10,0.2,30.0,99.1,940.2844,0.0,0,0.0,0.0
1100.0,B,RUNNING,1096.38,9,9,2,10,0.2,30.0,99.1,939.2844,0.0,0,0.0,0.0
1101.0,B,RUNNING,1097.38,9,9,2,10,0.2,30.0,99.1,938.2844,0.0,0,0.0,0.0
1102.0,B,RUNNING,1098.38,9,9,2,10,0.2,30.0,99.1,937.2844,0.0,0,0.0,0.0
1103.0,B,RUNNING,1099.38,9,9,2,10,0.2,30.0,99.1,936.2844,0.0,0,0.0,0.0
1104.0,B,RUNNING,1100.38,9,9,2,10,0.2,30.0,99.1,935.2844,0.0,0,0.0,0.0
1105.0,B,RUNNING,1101.38,9,9,2,10,0.2,30.0,99.1,934.2844,0.0,0,0.0,0.0
1106.0,B,RUNNING,1102.38,9,9,2,10,0.2,30.0,99.1,933.2844,0.0,0,0.0,0.0
1107.0,B,RUNNING,1103.38,9,9,2,10,0.2,30.0,99.1,932.2844,0.0,0,0.0,0.0
1108.0,B,RUNNING,1104.38,9,9,2,10,0.2,30.0,99.1,931.2844,0.0,0,0.0,0.0
1109.0,B,RUNNING,1105.38,9,9,2,10,0.2,30.0,99.1,930.2844,0.0,0,0.0,0.0
1110.0,B,RUNNING,1106.38,9,9,2,10,0.2,30.0,99.1,929.2844,0.0,0,0.0,0.0
1111.0,B,RUNNING,1107.38,9,9,2,10,0.2,30.0,99.1,928.2844,0.0,0,0.0,0.0
1112.0,B,RUNNING,1108.38,9,9,2,10,0.2,30.0,99.1,927.2844,0.0,0,0.0,0.0
1113.0,B,RUNNING,1109.38,9,9,2,10,0.2,30.0,99.1,926.2844,0.0,0,0.0,0.0
1114.0,B,RUNNING,1110.38,9,9,2,10,0.2,30.0,99.1,925.2844,0.0,0,0.0,0.0
1115.0,B,RUNNING,1111.38,9,9,2,10,0.2,30.0,99.1,924.2844,0.0,0,0.0,0.0
1116.0,B,RUNNING,1112.38,9,9,2,10,0.2,30.0,99.1,923.2844,0.0,0,0.0,0.0
1117.0,B,RUNNING,1113.38,9,9,2,10,0.2,30.0,99.1,922.2844,0.0,0,0.0,0.0
1118.0,B,RUNNING,1114.38,9,9,2,10,0.2,30.0,99.1,921.2844,0.0,0,0.0,0.0
1119.0,B,RUNNING,1115.38,9,9,2,10,0.2,30.0,99.1,920.2844,0.0,0,0.0,0.0
1120.0,B,RUNNING,1116.38,9,9,2,10,0.2,30.0,99.1,919.2844,0.0,0,0.0,0.0
1121.0,B,RUNNING,1117.38,9,9,2,10,0.2,30.0,99.1,918.2844,0.0,0,0.0,0.0
1122.0,B,RUNNING,1118.38,9,9,2,10,0.2,30.0,99.1,917.2844,0.0,0,0.0,0.0
1123.0,B,RUNNING,1119.38,9,9,2,10,0.2,30.0,99.1,916.2844,0.0,0,0.0,0.0
1124.0,B,RUNNING,1120.38,9,9,2,10,0.2,30.0,99.1,915.2844,0.0,0,0.0,0.0
1125.0,B,RUNNING,1121.38,9,9,2,10,0.2,30.0,99.1,914.2844,0.0,0,0.0,0.0
1126.0,B,RUNNING,1122.38,9,9,2,10,0.2,30.0,99.1,913.2844,0.0,0,0.0,0.0
1127.0,B,RUNNING,1123.38,9,9,2,10,0.2,30.0,99.1,912.2844,0.0,0,0.0,0.0
1128.0,B,RUNNING,1124.38,9,9,2,10,0.2,30.0,99.1,911.2844,0.0,0,0.0,0.0
1129.0,B,RUNNING,1125.38,9,9,2,10,0.2,30.0,99.1,910.2844,0.0,0,0.0,0.0
1130.0,B,RUNNING,1126.38,9,9,2,10,0.2,30.0,99.1,909.2844,0.0,0,0.0,0.0
1131.0,B,RUNNING,1127.38,9,9,2,10,0.2,30.0,99.1,908.2844,0.0,0,0.0,0.0
1132.0,B,RUNNING,1128.38,9,9,2,10,0.2,30.0,99.1,907.2844,0.0,0,0.0,0.0
1133.0,B,RUNNING,1129.38,9,9,2,10,0.2,30.0,99.1,906.2844,0.0,0,0.0,0.0
1134.0,B,RUNNING,1130.38,9,9,2,10,0.2,30.0,99.1,905.2844,0.0,0,0.0,0.0
1135.0,B,RUNNING,1131.38,9,9,2,10,0.2,30.0,99.1,904.2844,0.0,0,0.0,0.0
1136.0,B,RUNNING,1132.38,9,9,2,10,0.2,30.0,99.1,903.2844,0.0,0,0.0,0.0
1137.0,B,RUNNING,1133.38,9,9,2,10,0.2,30.0,99.1,902.2844,0.0,0,0.0,0.0
1138.0,B,RUNNING,1134.38,9,9,2,10,0.2,30.0,99.1,901.2844,0.0,0,0.0,0.0
1139.0,B,RUNNING,1135.38,9,9,2,10,0.2,30.0,99.1,900.2844,0.0,0,0.0,0.0
1140.0,B,RUNNING,1136.38,9,9,2,10,0.2,30.0,99.1,899.2844,0.0,0,0.0,0.0
1141.0,B,RUNNING,1137.38,9,9,2,10,0.2,30.0,99.1,898.2844,0.0,0,0.0,0.0
1142.0,B,RUNNING,1138.38,9,9,2,10,0.2,30.0,99.1,897.2844,0.0,0,0.0,0.0
1143.0,B,RUNNING,1139.38,9,9,2,10,0.2,30.0,99.1,896.2844,0.0,0,0.0,0.0
1144.0,B,RUNNING,1140.38,9,9,2,10,0.2,30.0,99.1,895.2844,0.0,0,0.0,0.0
1145.0,B,RUNNING,1141.38,9,9,2,10,0.2,30.0,99.1,894.2844,0.0,0,0.0,0.0
1146.0,B,RUNNING,1142.38,9,9,2,10,0.2,30.0,99.1,893.2844,0.0,0,0.0,0.0
1147.0,B,RUNNING,1143.38,9,9,2,10,0.2,30.0,99.1,892.2844,0.0,0,0.0,0.0
1148.0,B,RUNNING,1144.38,9,9,2,10,0.2,30.0,99.1,891.2844,0.0,0,0.0,0.0
1149.0,B,RUNNING,1145.38,9,9,2,10,0.2,30.0,99.1,890.2844,0.0,0,0.0,0.0
1150.0,B,RUNNING,1146.38,9,9,2,10,0.2,30.0,99.1,889.2844,0.0,0,0.0,0.0
1151.0,B,RUNNING,1147.38,9,9,2,10,0.2,30.0,99.1,888.2844,0.0,0,0.0,0.0
1152.0,B,RUNNING,1148.38,9,9,2,10,0.2,30.0,99.1,887.2844,0.0,0,0.0,0.0
1153.0,B,RUNNING,1149.38,9,9,2,10,0.2,30.0,99.1,886.2844,0.0,0,0.0,0.0
1154.0,B,RUNNING,1150.38,9,9,2,10,0.2,30.0,99.1,885.2844,0.0,0,0.0,0.0
1155.0,B,RUNNING,1151.38,9,9,2,10,0.2,30.0,99.1,884.2844,0.0,0,0.0,0.0
1156.0,B,RUNNING,1152.38,9,9,2,10,0.2,30.0,99.1,883.2844,0.0,0,0.0,0.0
1157.0,B,RUNNING,1153.38,9,9,2,10,0.2,30.0,99.1,882.2844,0.0,0,0.0,0.0
1158.0,B,RUNNING,1154.38,9,9,2,10,0.2,30.0,99.1,881.2844,0.0,0,0.0,0.0
1159.0,B,RUNNING,1155.38,9,9,2,10,0.2,30.0,99.1,880.2844,0.0,0,0.0,0.0
1160.0,B,RUNNING,1156.38,9,9,2,10,0.2,30.0,99.1,879.2844,0.0,0,0.0,0.0
1161.0,B,RUNNING,1157.38,9,9,2,10,0.2,30.0,99.1,878.2844,0.0,0,0.0,0.0
1162.0,B,RUNNING,1158.384,9,9,2,10,0.2,30.0,99.1,877.2804,0.0,0,0.0,0.0
1163.0,B,RUNNING,1159.38,9,9,2,10,0.2,30.0,99.1,876.2844,0.0,0,0.0,0.0
1164.0,B,RUNNING,1160.38,9,9,2,10,0.2,30.0,99.1,875.2844,0.0,0,0.0,0.0
1165.0,B,RUNNING,1161.38,9,9,2,10,0.2,30.0,99.1,874.2844,0.0,0,0.0,0.0
1166.01,B,RUNNING,1162.392,9,9,2,10,0.2,30.0,99.1,873.2724,0.0,0,0.0,0.0
1167.0,B,RUNNING,1163.38,9,9,2,10,0.2,30.0,99.1,872.2844,0.0,0,0.0,0.0
1168.0,B,RUNNING,1164.38,9,9,2,10,0.2,30.0,99.1,871.2844,0.0,0,0.0,0.0
1169.01,B,RUNNING,1165.388,9,9,2,10,0.2,30.0,99.1,870.2764,0.0,0,0.0,0.0
1170.0,B,RUNNING,1166.38,9,9,2,10,0.2,30.0,99.1,869.2844,0.0,0,0.0,0.0
1171.0,B,RUNNING,1167.38,9,9,2,10,0.2,30.0,99.1,868.2844,0.0,0,0.0,0.0
1172.0,B,RUNNING,1168.38,9,9,2,10,0.2,30.0,99.1,867.2844,0.0,0,0.0,0.0
1173.0,B,RUNNING,1169.38,9,9,2,10,0.2,30.0,99.1,866.2844,0.0,0,0.0,0.0
1174.0,B,RUNNING,1170.38,9,9,2,10,0.2,30.0,99.1,865.2844,0.0,0,0.0,0.0
1175.0,B,RUNNING,1171.38,9,9,2,10,0.2,30.0,99.1,864.2844,0.0,0,0.0,0.0
1176.0,B,RUNNING,1172.38,9,9,2,10,0.2,30.0,99.1,863.2844,0.0,0,0.0,0.0
1177.0,B,RUNNING,1173.38,9,9,2,10,0.2,30.0,99.1,862.2844,0.0,0,0.0,0.0
1178.0,B,RUNNING,1174.38,9,9,2,10,0.2,30.0,99.1,861.2844,0.0,0,0.0,0.0
1179.0,B,RUNNING,1175.38,9,9,2,10,0.2,30.0,99.1,860.2844,0.0,0,0.0,0.0
1180.0,B,RUNNING,1176.38,9,9,2,10,0.2,30.0,99.1,859.2844,0.0,0,0.0,0.0
1181.0,B,RUNNING,1177.38,9,9,2,10,0.2,30.0,99.1,858.2844,0.0,0,0.0,0.0
1182.0,B,RUNNING,1178.38,9,9,2,10,0.2,30.0,99.1,857.2844,0.0,0,0.0,0.0
1183.0,B,RUNNING,1179.38,9,9,2,10,0.2,30.0,99.1,856.2844,0.0,0,0.0,0.0
1184.01,B,RUNNING,1180.388,9,9,2,10,0.2,30.0,99.1,855.2764,0.0,0,0.0,0.0
1185.0,B,RUNNING,1181.38,9,11,0,10,0.0,30.0,99.1,1094.2844,0.0,0,0.0,0.0
1186.0,B,RUNNING,1182.38,9,11,0,10,0.0,30.0,99.1,1093.2844,0.0,0,0.0,0.0
1187.0,B,RUNNING,1183.38,9,11,0,10,0.0,30.0,99.1,1092.2844,0.0,0,0.0,0.0
1188.0,B,RUNNING,1184.38,9,11,0,10,0.0,30.0,99.1,1091.2844,0.0,0,0.0,0.0
1189.0,B,RUNNING,1185.38,9,11,0,10,0.0,30.0,99.1,1090.2844,0.0,0,0.0,0.0
1190.0,B,RUNNING,1186.38,9,11,0,10,0.0,30.0,99.1,1089.2844,0.0,0,0.0,0.0
1191.0,B,RUNNING,1187.38,9,11,0,10,0.0,30.0,99.1,1088.2844,0.0,0,0.0,0.0
1192.0,B,RUNNING,1188.38,9,11,0,10,0.0,30.0,99.1,1087.2844,0.0,0,0.0,0.0
1193.0,B,RUNNING,1189.38,9,11,0,10,0.0,30.0,99.1,1086.2844,0.0,0,0.0,0.0
1194.0,B,RUNNING,1190.38,9,11,0,10,0.0,30.0,99.1,1085.2844,0.0,0,0.0,0.0
1195.0,B,RUNNING,1191.38,9,11,0,10,0.0,30.0,99.1,1084.2844,0.0,0,0.0,0.0
1196.0,B,RUNNING,1192.38,9,11,0,10,0.0,30.0,99.1,1083.2844,0.0,0,0.0,0.0
1197.0,B,RUNNING,1193.38,9,11,0,10,0.0,30.0,99.1,1082.2844,0.0,0,0.0,0.0
1198.0,B,RUNNING,1194.38,9,11,0,10,0.0,30.0,99.1,1081.2844,0.0,0,0.0,0.0
1199.0,B,RUNNING,1195.38,9,11,0,10,0.0,30.0,99.1,1080.2844,0.0,0,0.0,0.0
1200.02,B,RUNNING,1196.396,10,11,1,10,0.1,30.0,99.0,1061.3679,0.0,0,0.0,0.0
1201.0,B,RUNNING,1197.38,10,11,1,10,0.1,30.0,99.0,1060.3839,0.0,0,0.0,0.0
1202.0,B,RUNNING,1198.38,10,11,1,10,0.1,30.0,99.0,1059.3839,0.0,0,0.0,0.0
1203.0,B,RUNNING,1199.384,10,11,1,10,0.1,30.0,99.0,1058.3799,0.0,0,0.0,0.0
1204.0,B,RUNNING,1200.38,10,11,1,10,0.1,30.0,99.0,1057.3839,0.0,0,0.0,0.0
1205.0,B,RUNNING,1201.384,10,11,1,10,0.1,30.0,99.0,1056.3799,0.0,0,0.0,0.0
1206.0,B,RUNNING,1202.38,10,11,1,10,0.1,30.0,99.0,1055.3839,0.0,0,0.0,0.0
1207.0,B,RUNNING,1203.38,10,11,1,10,0.1,30.0,99.0,1054.3839,0.0,0,0.0,0.0
1208.0,B,RUNNING,1204.38,10,11,1,10,0.1,30.0,99.0,1053.3839,0.0,0,0.0,0.0
1209.0,B,RUNNING,1205.38,10,11,1,10,0.1,30.0,99.0,1052.3839,0.0,0,0.0,0.0
1210.0,B,RUNNING,1206.38,10,11,1,10,0.1,30.0,99.0,1051.3839,0.0,0,0.0,0.0
1211.0,B,RUNNING,1207.38,10,11,1,10,0.1,30.0,99.0,1050.3839,0.0,0,0.0,0.0
1212.0,B,RUNNING,1208.38,10,11,1,10,0.1,30.0,99.0,1049.3839,0.0,0,0.0,0.0
1213.0,B,RUNNING,1209.38,10,11,1,10,0.1,30.0,99.0,1048.3839,0.0,0,0.0,0.0
1214.0,B,RUNNING,1210.38,10,11,1,10,0.1,30.0,99.0,1047.3839,0.0,0,0.0,0.0
1215.0,B,RUNNING,1211.38,10,11,1,10,0.1,30.0,99.0,1046.3839,0.0,0,0.0,0.0
1216.0,B,RUNNING,1212.38,10,11,1,10,0.1,30.0,99.0,1045.3839,0.0,0,0.0,0.0
1217.0,B,RUNNING,1213.38,10,11,1,10,0.1,30.0,99.0,1044.3839,0.0,0,0.0,0.0
1218.0,B,RUNNING,1214.38,10,11,1,10,0.1,30.0,99.0,1043.3839,0.0,0,0.0,0.0
1219.0,B,RUNNING,1215.38,10,11,1,10,0.1,30.0,99.0,1042.3839,0.0,0,0.0,0.0
1220.0,B,RUNNING,1216.38,10,11,1,10,0.1,30.0,99.0,1041.3839,0.0,0,0.0,0.0
1221.0,B,RUNNING,1217.38,10,11,1,10,0.1,30.0,99.0,1040.3839,0.0,0,0.0,0.0
1222.0,B,RUNNING,1218.38,10,11,1,10,0.1,30.0,99.0,1039.3839,0.0,0,0.0,0.0
1223.0,B,RUNNING,1219.38,10,11,1,10,0.1,30.0,99.0,1038.3839,0.0,0,0.0,0.0
1224.0,B,RUNNING,1220.384,10,11,1,10,0.1,30.0,99.0,1037.3799,0.0,0,0.0,0.0
1225.0,B,RUNNING,1221.38,10,11,1,10,0.1,30.0,99.0,1036.3839,0.0,0,0.0,0.0
1226.0,B,RUNNING,1222.38,10,11,1,10,0.1,30.0,99.0,1035.3839,0.0,0,0.0,0.0
1227.0,B,RUNNING,1223.38,10,11,1,10,0.1,30.0,99.0,1034.3839,0.0,0,0.0,0.0
1228.0,B,RUNNING,1224.38,10,11,1,10,0.1,30.0,99.0,1033.3839,0.0,0,0.0,0.0
1229.0,B,RUNNING,1225.38,10,11,1,10,0.1,30.0,99.0,1032.3839,0.0,0,0.0,0.0
1230.0,B,RUNNING,1226.38,10,11,1,10,0.1,30.0,99.0,1031.3839,0.0,0,0.0,0.0
1231.0,B,RUNNING,1227.38,10,11,1,10,0.1,30.0,99.0,1030.3839,0.0,0,0.0,0.0
1232.0,B,RUNNING,1228.38,10,11,1,10,0.1,30.0,99.0,1029.3839,0.0,0,0.0,0.0
1233.0,B,RUNNING,1229.38,10,11,1,10,0.1,30.0,99.0,1028.3839,0.0,0,0.0,0.0
1234.0,B,RUNNING,1230.38,10,11,1,10,0.1,30.0,99.0,1027.3839,0.0,0,0.0,0.0
1235.0,B,RUNNING,1231.38,10,11,1,10,0.1,30.0,99.0,1026.3839,0.0,0,0.0,0.0
1236.0,B,RUNNING,1232.38,10,11,1,10,0.1,30.0,99.0,1025.3839,0.0,0,0.0,0.0
1237.0,B,RUNNING,1233.38,10,11,1,10,0.1,30.0,99.0,1024.3839,0.0,0,0.0,0.0
1238.0,B,RUNNING,1234.38,10,11,1,10,0.1,30.0,99.0,1023.3839,0.0,0,0.0,0.0
1239.0,B,RUNNING,1235.38,10,11,1,10,0.1,30.0,99.0,1022.3839,0.0,0,0.0,0.0
1240.0,B,RUNNING,1236.38,10,11,1,10,0.1,30.0,99.0,1021.3839,0.0,0,0.0,0.0
1241.0,B,RUNNING,1237.38,10,11,1,10,0.1,30.0,99.0,1020.3839,0.0,0,0.0,0.0
1242.0,B,RUNNING,1238.38,10,11,1,10,0.1,30.0,99.0,1019.3839,0.0,0,0.0,0.0
1243.0,B,RUNNING,1239.38,10,11,1,10,0.1,30.0,99.0,1018.3839,0.0,0,0.0,0.0
1244.0,B,RUNNING,1240.38,10,11,1,10,0.1,30.0,99.0,1017.3839,0.0,0,0.0,0.0
1245.0,B,RUNNING,1241.38,10,11,1,10,0.1,30.0,99.0,1016.3839,0.0,0,0.0,0.0
1246.0,B,RUNNING,1242.38,10,11,1,10,0.1,30.0,99.0,1015.3839,0.0,0,0.0,0.0
