detail,driven_m,energy_wh,from,goal_error_m,matrix_m,min_clearance_m,planned_m,planner,planning_ms,repeat,success,time_s,to,turning_rad
status 4 error 0,8.651,0.077,charger,0.185,9.04,0.335,9.16,NavfnDijkstra,4.0,0,True,19.95,A,9.952
status 4 error 0,10.501,0.101,A,0.212,10.01,0.447,10.526,NavfnDijkstra,30.31,0,True,28.45,delivery,13.826
status 4 error 0,10.064,0.0906,delivery,0.239,10.26,0.35,10.459,NavfnDijkstra,4.0,0,True,23.75,B,8.224
status 4 error 0,10.071,0.0938,B,0.174,10.26,0.412,10.108,NavfnDijkstra,26.2,0,True,26.65,delivery,1.471
status 4 error 0,6.282,0.0616,delivery,0.086,6.3,0.4,6.374,NavfnDijkstra,11.39,0,True,17.52,C,6.903
status 4 error 0,6.478,0.0624,C,0.175,6.3,0.3,6.415,NavfnDijkstra,10.01,0,True,18.37,delivery,3.943
status 4 error 0,5.255,0.0531,delivery,0.091,5.1,0.522,5.254,NavfnDijkstra,9.56,0,True,15.48,charger,5.172
status 4 error 0,8.833,0.0797,charger,0.191,9.04,0.3,9.753,NavfnAStar,4.0,0,True,21.62,A,18.429
status 4 error 0,10.556,0.1015,A,0.152,10.01,0.427,10.553,NavfnAStar,18.18,0,True,28.38,delivery,9.524
status 4 error 0,10.28,0.0938,delivery,0.22,10.26,0.4,11.074,NavfnAStar,18.35,0,True,25.2,B,18.46
status 4 error 0,10.116,0.0945,B,0.146,10.26,0.43,10.168,NavfnAStar,18.02,0,True,26.4,delivery,2.189
status 4 error 0,6.367,0.0622,delivery,0.089,6.3,0.45,6.425,NavfnAStar,9.69,0,True,18.32,C,4.604
status 4 error 0,6.466,0.0645,C,0.121,6.3,0.3,6.652,NavfnAStar,9.6,0,True,18.61,delivery,11.269
status 4 error 0,5.304,0.0536,delivery,0.065,5.1,0.6,5.198,NavfnAStar,12.14,0,True,15.78,charger,1.345
status 4 error 0,9.009,0.0808,charger,0.06,9.04,0.283,8.87,Smac2D,8.0,0,True,21.35,A,5.803
status 4 error 0,10.644,0.1008,A,0.142,10.01,0.43,10.588,Smac2D,8.0,0,True,27.61,delivery,6.42
status 4 error 0,10.447,0.0952,delivery,0.213,10.26,0.381,10.574,Smac2D,4.0,0,True,25.15,B,4.64
status 4 error 0,10.278,0.0975,B,0.105,10.26,0.354,10.253,Smac2D,16.0,0,True,26.63,delivery,3.14
status 4 error 0,6.41,0.0628,delivery,0.063,6.3,0.381,6.384,Smac2D,9.06,0,True,18.51,C,2.418
status 4 error 0,6.424,0.063,C,0.14,6.3,0.4,6.356,Smac2D,6.91,0,True,17.75,delivery,1.568
status 4 error 0,5.353,0.0542,delivery,0.047,5.1,0.424,5.223,Smac2D,6.08,0,True,16.01,charger,1.98
status 4 error 0,8.751,0.0784,charger,0.163,9.04,0.335,8.879,ThetaStar,4.0,0,True,20.2,A,5.968
status 4 error 0,10.149,0.0955,A,0.188,10.01,0.4,10.04,ThetaStar,4.0,0,True,26.31,delivery,5.82
status 4 error 0,10.164,0.0927,delivery,0.195,10.26,0.391,10.476,ThetaStar,4.0,0,True,23.91,B,5.519
status 4 error 0,10.135,0.0956,B,0.185,10.26,0.354,10.101,ThetaStar,6.92,0,True,26.01,delivery,2.809
status 4 error 0,6.216,0.0604,delivery,0.108,6.3,0.45,6.259,ThetaStar,5.96,0,True,17.1,C,0.322
status 4 error 0,6.331,0.0627,C,0.185,6.3,0.35,6.268,ThetaStar,5.55,0,True,17.5,delivery,1.109
status 4 error 0,5.327,0.0543,delivery,0.037,5.1,0.55,5.205,ThetaStar,7.82,0,True,16.01,charger,0.953
status 4 error 0,9.16,0.0827,charger,0.264,9.04,0.316,9.387,SmacLattice,16.0,0,True,21.01,A,4.916
status 4 error 0,10.636,0.1002,A,0.19,10.01,0.403,10.644,SmacLattice,436.0,0,True,26.81,delivery,8.292
status 4 error 0,10.071,0.0926,delivery,0.208,10.26,0.361,10.432,SmacLattice,8.0,0,True,23.31,B,3.166
status 4 error 0,10.434,0.0975,B,0.252,10.26,0.361,10.29,SmacLattice,500.0,0,True,26.22,delivery,4.233
status 4 error 0,6.428,0.0618,delivery,0.114,6.3,0.427,6.606,SmacLattice,12.0,0,True,16.61,C,3.631
status 4 error 0,6.404,0.0634,C,0.195,6.3,0.3,6.282,SmacLattice,156.0,0,True,17.51,delivery,3.03
status 4 error 0,6.578,0.0877,delivery,0.152,5.1,0.403,7.179,SmacLattice,12.0,0,True,32.4,charger,7.176
status 4 error 0,8.991,0.0839,charger,0.174,9.04,0.335,9.578,NavfnAStar,13.64,1,True,22.02,A,15.681
status 4 error 0,10.322,0.1006,A,0.152,10.01,0.4,10.501,NavfnAStar,12.59,1,True,28.12,delivery,15.724
status 4 error 0,10.229,0.0954,delivery,0.203,10.26,0.381,11.141,NavfnAStar,13.31,1,True,25.01,B,25.101
status 4 error 0,10.139,0.0996,B,0.101,10.26,0.4,10.348,NavfnAStar,13.42,1,True,27.42,delivery,13.518
status 4 error 0,6.372,0.0617,delivery,0.037,6.3,0.45,6.653,NavfnAStar,8.71,1,True,17.8,C,8.627
status 4 error 0,6.437,0.0654,C,0.211,6.3,0.4,6.441,NavfnAStar,9.88,1,True,18.22,delivery,1.981
status 4 error 0,5.307,0.0528,delivery,0.056,5.1,0.602,5.294,NavfnAStar,7.89,1,True,15.82,charger,1.171
status 4 error 0,9.144,0.0846,charger,0.095,9.04,0.283,9.137,Smac2D,4.0,1,True,21.81,A,5.461
status 4 error 0,10.723,0.1029,A,0.116,10.01,0.492,10.566,Smac2D,4.0,1,True,28.1,delivery,6.742
status 4 error 0,10.384,0.0964,delivery,0.167,10.26,0.364,10.592,Smac2D,4.0,1,True,24.82,B,4.618
status 4 error 0,10.271,0.099,B,0.156,10.26,0.316,10.171,Smac2D,4.0,1,True,26.41,delivery,2.733
status 4 error 0,6.396,0.0636,delivery,0.076,6.3,0.381,6.389,Smac2D,5.8,1,True,18.18,C,2.525
status 4 error 0,6.498,0.0642,C,0.126,6.3,0.35,6.378,Smac2D,9.09,1,True,18.31,delivery,1.993
status 4 error 0,5.309,0.0547,delivery,0.041,5.1,0.424,5.176,Smac2D,6.14,1,True,15.61,charger,2.068
status 4 error 0,8.729,0.0795,charger,0.191,9.04,0.35,8.998,ThetaStar,4.0,1,True,20.4,A,6.375
status 4 error 0,10.056,0.0964,A,0.2,10.01,0.354,9.954,ThetaStar,4.0,1,True,26.01,delivery,4.84
status 4 error 0,10.103,0.0934,delivery,0.183,10.26,0.354,10.381,ThetaStar,9.23,1,True,23.61,B,4.104
status 4 error 0,10.197,0.0973,B,0.136,10.26,0.335,10.117,ThetaStar,4.0,1,True,26.71,delivery,4.759
status 4 error 0,6.291,0.0632,delivery,0.087,6.3,0.45,6.303,ThetaStar,5.38,1,True,17.2,C,1.303
status 4 error 0,6.357,0.062,C,0.208,6.3,0.35,6.266,ThetaStar,6.02,1,True,17.51,delivery,1.042
status 4 error 0,5.314,0.0548,delivery,0.046,5.1,0.55,5.156,ThetaStar,6.32,1,True,15.91,charger,0.802
status 4 error 0,9.0,0.0827,charger,0.233,9.04,0.32,9.733,SmacLattice,12.0,1,True,21.01,A,6.218
status 4 error 0,10.782,0.102,A,0.221,10.01,0.391,10.814,SmacLattice,404.0,1,True,26.61,delivery,7.768
status 4 error 0,10.189,0.0942,delivery,0.141,10.26,0.391,10.471,SmacLattice,12.0,1,True,23.61,B,3.181
status 4 error 0,10.421,0.1002,B,0.203,10.26,0.381,10.312,SmacLattice,452.0,1,True,26.41,delivery,4.389
status 4 error 0,6.407,0.0607,delivery,0.137,6.3,0.45,6.701,SmacLattice,8.0,1,True,16.75,C,4.098
status 4 error 0,6.362,0.0638,C,0.176,6.3,0.4,6.338,SmacLattice,148.0,1,True,17.71,delivery,1.95
status 4 error 0,6.274,0.0751,delivery,0.175,5.1,0.364,7.224,SmacLattice,4.0,1,True,25.2,charger,7.138
status 4 error 0,9.365,0.0901,charger,0.211,9.04,0.335,9.442,NavfnDijkstra,12.28,1,True,23.22,A,11.228
status 4 error 0,10.533,0.1026,A,0.119,10.01,0.412,10.538,NavfnDijkstra,12.65,1,True,28.01,delivery,13.218
status 4 error 0,10.207,0.0944,delivery,0.181,10.26,0.4,10.547,NavfnDijkstra,16.41,1,True,24.02,B,7.786
status 4 error 0,10.108,0.0987,B,0.193,10.26,0.412,10.11,NavfnDijkstra,12.8,1,True,27.52,delivery,1.584
status 4 error 0,6.299,0.0636,delivery,0.069,6.3,0.45,6.335,NavfnDijkstra,11.65,1,True,17.52,C,6.763
status 4 error 0,6.463,0.0644,C,0.252,6.3,0.3,6.415,NavfnDijkstra,9.05,1,True,18.12,delivery,3.943
status 4 error 0,5.349,0.0552,delivery,0.082,5.1,0.707,5.312,NavfnDijkstra,7.96,1,True,15.8,charger,2.907
status 4 error 0,8.907,0.0825,charger,0.125,9.04,0.283,9.043,Smac2D,4.0,2,True,21.11,A,6.013
status 4 error 0,10.565,0.1014,A,0.129,10.01,0.447,10.531,Smac2D,4.0,2,True,27.61,delivery,6.503
status 4 error 0,10.384,0.0971,delivery,0.122,10.26,0.316,10.448,Smac2D,4.0,2,True,24.82,B,4.702
status 4 error 0,10.335,0.1001,B,0.134,10.26,0.304,10.26,Smac2D,4.0,2,True,26.39,delivery,3.139
status 4 error 0,6.348,0.0638,delivery,0.083,6.3,0.381,6.381,Smac2D,6.27,2,True,18.5,C,2.282
status 4 error 0,6.573,0.0668,C,0.09,6.3,0.35,6.378,Smac2D,6.23,2,True,18.51,delivery,1.993
status 4 error 0,5.328,0.0536,delivery,0.049,5.1,0.361,5.182,Smac2D,4.91,2,True,15.81,charger,1.493
status 4 error 0,8.872,0.0824,charger,0.212,9.04,0.335,8.985,ThetaStar,8.19,2,True,20.7,A,7.169
status 4 error 0,10.074,0.0972,A,0.214,10.01,0.316,10.035,ThetaStar,8.6,2,True,26.27,delivery,4.138
status 4 error 0,10.152,0.0946,delivery,0.152,10.26,0.354,10.438,ThetaStar,4.0,2,True,23.6,B,4.656
status 4 error 0,10.198,0.0978,B,0.174,10.26,0.381,10.127,ThetaStar,8.79,2,True,26.12,delivery,4.218
status 4 error 0,6.251,0.0617,delivery,0.092,6.3,0.45,6.259,ThetaStar,6.45,2,True,17.22,C,0.322
status 4 error 0,6.508,0.0649,C,0.176,6.3,0.35,6.326,ThetaStar,4.94,2,True,18.0,delivery,0.735
status 4 error 0,5.289,0.055,delivery,0.021,5.1,0.552,5.206,ThetaStar,4.18,2,True,15.71,charger,1.003
status 4 error 0,9.105,0.0841,charger,0.228,9.04,0.316,9.894,SmacLattice,8.0,2,True,21.02,A,5.7
status 4 error 0,10.832,0.103,A,0.23,10.01,0.45,10.956,SmacLattice,464.0,2,True,26.96,delivery,7.816
status 4 error 0,10.18,0.0948,delivery,0.172,10.26,0.354,10.457,SmacLattice,8.0,2,True,23.71,B,3.196
status 4 error 0,10.401,0.0991,B,0.205,10.26,0.381,10.285,SmacLattice,460.0,2,True,26.33,delivery,4.427
status 4 error 0,6.364,0.0624,delivery,0.144,6.3,0.45,6.716,SmacLattice,8.0,2,True,16.71,C,3.384
status 4 error 0,6.453,0.0646,C,0.217,6.3,0.4,6.274,SmacLattice,156.0,2,True,18.01,delivery,1.89
status 4 error 0,6.654,0.0924,delivery,0.156,5.1,0.35,7.053,SmacLattice,4.0,2,True,34.0,charger,5.912
status 4 error 0,9.139,0.0858,charger,0.188,9.04,0.335,9.418,NavfnDijkstra,14.7,2,True,22.22,A,11.905
status 4 error 0,10.332,0.102,A,0.14,10.01,0.412,10.383,NavfnDijkstra,15.2,2,True,27.8,delivery,10.857
status 4 error 0,10.18,0.0949,delivery,0.169,10.26,0.427,10.582,NavfnDijkstra,13.34,2,True,24.1,B,6.094
status 4 error 0,10.1,0.0992,B,0.207,10.26,0.461,10.112,NavfnDijkstra,11.07,2,True,27.4,delivery,1.446
status 4 error 0,6.334,0.064,delivery,0.107,6.3,0.45,6.305,NavfnDijkstra,9.55,2,True,17.61,C,3.996
status 4 error 0,6.371,0.0642,C,0.239,6.3,0.3,6.382,NavfnDijkstra,10.04,2,True,17.81,delivery,4.303
status 4 error 0,5.282,0.0551,delivery,0.08,5.1,0.65,5.307,NavfnDijkstra,7.77,2,True,16.0,charger,3.781
status 4 error 0,9.037,0.0888,charger,0.155,9.04,0.3,9.876,NavfnAStar,10.76,2,True,24.21,A,17.659
status 4 error 0,10.495,0.103,A,0.164,10.01,0.45,10.61,NavfnAStar,11.33,2,True,28.32,delivery,9.628
status 4 error 0,10.503,0.1001,delivery,0.169,10.26,0.354,11.385,NavfnAStar,20.94,2,True,25.61,B,23.055
status 4 error 0,10.181,0.0996,B,0.139,10.26,0.447,10.148,NavfnAStar,45.05,2,True,27.33,delivery,2.945
status 4 error 0,6.356,0.0658,delivery,0.104,6.3,0.364,6.748,NavfnAStar,10.05,2,True,19.12,C,18.989
status 4 error 0,6.512,0.065,C,0.137,6.3,0.35,6.336,NavfnAStar,12.42,2,True,18.12,delivery,2.083
status 4 error 0,5.229,0.0548,delivery,0.072,5.1,0.602,5.244,NavfnAStar,7.25,2,True,15.52,charger,1.383
status 4 error 0,8.873,0.0827,charger,0.215,9.04,0.335,9.132,ThetaStar,4.0,3,True,21.02,A,7.002
status 4 error 0,10.303,0.1004,A,0.203,10.01,0.35,10.114,ThetaStar,8.0,3,True,26.89,delivery,6.765
status 4 error 0,10.143,0.0945,delivery,0.214,10.26,0.45,10.545,ThetaStar,4.0,3,True,23.7,B,3.969
status 4 error 0,10.177,0.0981,B,0.167,10.26,0.354,10.11,ThetaStar,10.47,3,True,26.11,delivery,4.09
status 4 error 0,6.205,0.0617,delivery,0.107,6.3,0.45,6.226,ThetaStar,4.69,3,True,17.2,C,0.565
status 4 error 0,6.463,0.0648,C,0.153,6.3,0.4,6.366,ThetaStar,6.18,3,True,18.21,delivery,1.958
status 4 error 0,5.304,0.0553,delivery,0.056,5.1,0.608,5.167,ThetaStar,3.75,3,True,15.81,charger,1.726
status 4 error 0,9.175,0.0845,charger,0.22,9.04,0.283,9.248,SmacLattice,8.0,3,True,21.32,A,5.304
status 4 error 0,10.563,0.1019,A,0.16,10.01,0.403,10.621,SmacLattice,436.0,3,True,26.81,delivery,8.39
status 4 error 0,10.153,0.0932,delivery,0.18,10.26,0.354,10.396,SmacLattice,16.0,3,True,23.62,B,3.003
status 4 error 0,10.455,0.0996,B,0.239,10.26,0.391,10.364,SmacLattice,464.0,3,True,25.9,delivery,4.413
status 4 error 0,6.347,0.0608,delivery,0.103,6.3,0.45,6.623,SmacLattice,12.0,3,True,16.51,C,3.584
status 4 error 0,6.384,0.0644,C,0.174,6.3,0.3,6.405,SmacLattice,184.0,3,True,17.61,delivery,3.426
status 6 error 105,5.938,0.1137,delivery,0.101,5.1,0.391,7.784,SmacLattice,28.0,3,False,48.8,charger,7.258
status 4 error 0,8.998,0.0888,charger,0.23,9.04,0.3,9.9,NavfnDijkstra,15.9,3,True,24.32,A,12.367
status 4 error 0,10.186,0.1013,A,0.184,10.01,0.412,10.356,NavfnDijkstra,13.79,3,True,27.81,delivery,9.569
status 4 error 0,10.143,0.0948,delivery,0.189,10.26,0.35,10.519,NavfnDijkstra,15.32,3,True,23.91,B,7.12
status 4 error 0,10.054,0.0973,B,0.221,10.26,0.403,10.122,NavfnDijkstra,13.1,3,True,26.62,delivery,1.775
status 4 error 0,6.229,0.0635,delivery,0.098,6.3,0.45,6.288,NavfnDijkstra,11.36,3,True,17.22,C,4.613
status 4 error 0,6.48,0.0649,C,0.203,6.3,0.35,6.428,NavfnDijkstra,11.78,3,True,18.02,delivery,3.566
status 4 error 0,5.207,0.053,delivery,0.105,5.1,0.7,5.264,NavfnDijkstra,6.59,3,True,15.52,charger,4.253
status 4 error 0,8.891,0.0846,charger,0.217,9.04,0.3,9.651,NavfnAStar,15.05,3,True,21.62,A,15.383
status 4 error 0,10.557,0.1035,A,0.121,10.01,0.461,10.652,NavfnAStar,12.55,3,True,28.69,delivery,14.184
status 4 error 0,10.433,0.0997,delivery,0.198,10.26,0.335,11.206,NavfnAStar,16.63,3,True,25.23,B,22.89
status 4 error 0,10.128,0.0995,B,0.114,10.26,0.424,10.446,NavfnAStar,14.93,3,True,27.31,delivery,16.936
status 4 error 0,6.434,0.0646,delivery,0.046,6.3,0.45,6.711,NavfnAStar,8.92,3,True,18.41,C,10.039
status 4 error 0,6.456,0.0647,C,0.221,6.3,0.4,6.384,NavfnAStar,11.77,3,True,18.02,delivery,1.55
status 4 error 0,5.274,0.0551,delivery,0.114,5.1,0.632,5.181,NavfnAStar,6.04,3,True,15.51,charger,1.673
status 4 error 0,9.067,0.0855,charger,0.066,9.04,0.283,8.998,Smac2D,4.0,3,True,21.81,A,5.465
status 4 error 0,10.756,0.1029,A,0.155,10.01,0.461,10.61,Smac2D,4.0,3,True,27.62,delivery,6.395
status 4 error 0,10.429,0.098,delivery,0.122,10.26,0.427,10.651,Smac2D,4.0,3,True,25.21,B,4.897
status 4 error 0,10.376,0.1009,B,0.143,10.26,0.364,10.247,Smac2D,4.0,3,True,26.42,delivery,3.075
status 4 error 0,6.408,0.0661,delivery,0.112,6.3,0.45,6.351,Smac2D,5.93,3,True,19.21,C,2.083
status 4 error 0,6.438,0.0647,C,0.153,6.3,0.35,6.328,Smac2D,5.42,3,True,17.81,delivery,1.993
status 4 error 0,5.279,0.0552,delivery,0.063,5.1,0.515,5.264,Smac2D,6.58,3,True,15.81,charger,2.339
