from,length_m,matrix_m,mean_clearance_m,min_clearance_m,planner,planning_ms,poses,repeat,status,to,turning_rad
A,18.469,18.28,0.6,0.35,NavfnDijkstra,4.0,737,0,ok,B,17.4
A,18.469,18.28,0.6,0.35,NavfnDijkstra,4.0,737,1,ok,B,17.4
A,18.469,18.28,0.6,0.35,NavfnDijkstra,26.1,737,2,ok,B,17.4
A,15.783,15.56,0.596,0.335,NavfnDijkstra,26.7,630,0,ok,C,11.6
A,15.783,15.56,0.596,0.335,NavfnDijkstra,36.39,630,1,ok,C,11.6
A,15.783,15.56,0.596,0.335,NavfnDijkstra,22.62,630,2,ok,C,11.6
A,10.153,10.01,0.607,0.335,NavfnDijkstra,16.94,404,0,ok,delivery,7.95
A,10.153,10.01,0.607,0.335,NavfnDijkstra,20.63,404,1,ok,delivery,7.95
A,10.153,10.01,0.607,0.335,NavfnDijkstra,24.17,404,2,ok,delivery,7.95
A,9.124,9.04,0.546,0.335,NavfnDijkstra,21.55,364,0,ok,charger,8.133
A,9.124,9.04,0.546,0.335,NavfnDijkstra,12.07,364,1,ok,charger,8.133
A,9.124,9.04,0.546,0.335,NavfnDijkstra,18.49,364,2,ok,charger,8.133
B,18.281,18.28,0.627,0.381,NavfnDijkstra,4.0,729,0,ok,A,12.454
B,18.281,18.28,0.627,0.381,NavfnDijkstra,37.74,729,1,ok,A,12.454
B,18.281,18.28,0.627,0.381,NavfnDijkstra,32.14,729,2,ok,A,12.454
B,9.344,9.24,0.559,0.391,NavfnDijkstra,4.0,371,0,ok,C,7.246
B,9.344,9.24,0.559,0.391,NavfnDijkstra,21.78,371,1,ok,C,7.246
B,9.344,9.24,0.559,0.391,NavfnDijkstra,16.86,371,2,ok,C,7.246
B,10.241,10.26,0.668,0.381,NavfnDijkstra,4.0,410,0,ok,delivery,1.662
B,10.241,10.26,0.668,0.381,NavfnDijkstra,4.0,410,1,ok,delivery,1.662
B,10.241,10.26,0.668,0.381,NavfnDijkstra,21.22,410,2,ok,delivery,1.662
B,15.203,15.18,0.657,0.381,NavfnDijkstra,20.94,605,0,ok,charger,4.863
B,15.203,15.18,0.657,0.381,NavfnDijkstra,22.8,605,1,ok,charger,4.863
B,15.203,15.18,0.657,0.381,NavfnDijkstra,34.54,605,2,ok,charger,4.863
C,15.759,15.56,0.607,0.354,NavfnDijkstra,23.67,629,0,ok,A,12.19
C,15.759,15.56,0.607,0.354,NavfnDijkstra,25.54,629,1,ok,A,12.19
C,15.759,15.56,0.607,0.354,NavfnDijkstra,29.98,629,2,ok,A,12.19
C,9.387,9.24,0.535,0.35,NavfnDijkstra,4.0,374,0,ok,B,8.951
C,9.387,9.24,0.535,0.35,NavfnDijkstra,15.38,374,1,ok,B,8.951
C,9.387,9.24,0.535,0.35,NavfnDijkstra,11.79,374,2,ok,B,8.951
C,6.297,6.3,0.657,0.427,NavfnDijkstra,9.41,252,0,ok,delivery,1.101
C,6.297,6.3,0.657,0.427,NavfnDijkstra,4.0,252,1,ok,delivery,1.101
C,6.297,6.3,0.657,0.427,NavfnDijkstra,52.33,252,2,ok,delivery,1.101
C,11.36,11.27,0.666,0.45,NavfnDijkstra,13.99,453,0,ok,charger,2.616
C,11.36,11.27,0.666,0.45,NavfnDijkstra,4.0,453,1,ok,charger,2.616
C,11.36,11.27,0.666,0.45,NavfnDijkstra,20.79,453,2,ok,charger,2.616
delivery,10.129,10.01,0.627,0.335,NavfnDijkstra,4.0,403,0,ok,A,9.705
delivery,10.129,10.01,0.627,0.335,NavfnDijkstra,15.99,403,1,ok,A,9.705
delivery,10.129,10.01,0.627,0.335,NavfnDijkstra,4.0,403,2,ok,A,9.705
delivery,10.408,10.26,0.634,0.35,NavfnDijkstra,4.0,415,0,ok,B,7.336
delivery,10.408,10.26,0.634,0.35,NavfnDijkstra,4.0,415,1,ok,B,7.336
delivery,10.408,10.26,0.634,0.35,NavfnDijkstra,17.75,415,2,ok,B,7.336
delivery,6.388,6.3,0.657,0.4,NavfnDijkstra,14.94,254,0,ok,C,2.085
delivery,6.388,6.3,0.657,0.4,NavfnDijkstra,16.77,254,1,ok,C,2.085
delivery,6.388,6.3,0.657,0.4,NavfnDijkstra,4.0,254,2,ok,C,2.085
delivery,5.204,5.1,0.77,0.5,NavfnDijkstra,4.0,206,0,ok,charger,3.138
delivery,5.204,5.1,0.77,0.5,NavfnDijkstra,4.0,206,1,ok,charger,3.138
delivery,5.204,5.1,0.77,0.5,NavfnDijkstra,4.0,206,2,ok,charger,3.138
charger,9.16,9.04,0.576,0.335,NavfnDijkstra,4.0,365,0,ok,A,9.952
charger,9.16,9.04,0.576,0.335,NavfnDijkstra,15.03,365,1,ok,A,9.952
charger,9.16,9.04,0.576,0.335,NavfnDijkstra,4.0,365,2,ok,A,9.952
charger,15.308,15.18,0.623,0.35,NavfnDijkstra,4.0,611,0,ok,B,11.1
charger,15.308,15.18,0.623,0.35,NavfnDijkstra,24.77,611,1,ok,B,11.1
charger,15.308,15.18,0.623,0.35,NavfnDijkstra,36.03,611,2,ok,B,11.1
charger,11.409,11.27,0.646,0.4,NavfnDijkstra,4.0,455,0,ok,C,6.279
charger,11.409,11.27,0.646,0.4,NavfnDijkstra,20.52,455,1,ok,C,6.279
charger,11.409,11.27,0.646,0.4,NavfnDijkstra,4.0,455,2,ok,C,6.279
charger,5.19,5.1,0.727,0.492,NavfnDijkstra,15.45,206,0,ok,delivery,2.209
charger,5.19,5.1,0.727,0.492,NavfnDijkstra,11.0,206,1,ok,delivery,2.209
charger,5.19,5.1,0.727,0.492,NavfnDijkstra,4.0,206,2,ok,delivery,2.209
A,18.615,18.28,0.626,0.35,NavfnAStar,30.91,728,0,ok,B,25.647
A,18.615,18.28,0.626,0.35,NavfnAStar,4.0,728,1,ok,B,25.647
A,18.615,18.28,0.626,0.35,NavfnAStar,4.0,728,2,ok,B,25.647
A,15.849,15.56,0.619,0.335,NavfnAStar,4.0,630,0,ok,C,13.058
A,15.849,15.56,0.619,0.335,NavfnAStar,4.0,630,1,ok,C,13.058
A,15.849,15.56,0.619,0.335,NavfnAStar,37.45,630,2,ok,C,13.058
A,10.257,10.01,0.596,0.354,NavfnAStar,31.44,409,0,ok,delivery,8.463
A,10.257,10.01,0.596,0.354,NavfnAStar,23.95,409,1,ok,delivery,8.463
A,10.257,10.01,0.596,0.354,NavfnAStar,25.04,409,2,ok,delivery,8.463
A,9.336,9.04,0.551,0.316,NavfnAStar,21.22,371,0,ok,charger,17.518
A,9.336,9.04,0.551,0.316,NavfnAStar,51.34,371,1,ok,charger,17.518
A,9.336,9.04,0.551,0.316,NavfnAStar,26.84,371,2,ok,charger,17.518
B,18.358,18.28,0.629,0.381,NavfnAStar,47.96,733,0,ok,A,10.609
B,18.358,18.28,0.629,0.381,NavfnAStar,4.0,733,1,ok,A,10.609
B,18.358,18.28,0.629,0.381,NavfnAStar,4.0,733,2,ok,A,10.609
B,9.39,9.24,0.569,0.354,NavfnAStar,25.72,365,0,ok,C,12.34
B,9.39,9.24,0.569,0.354,NavfnAStar,17.62,365,1,ok,C,12.34
B,9.39,9.24,0.569,0.354,NavfnAStar,14.19,365,2,ok,C,12.34
B,10.495,10.26,0.655,0.364,NavfnAStar,14.31,374,0,ok,delivery,15.624
B,10.495,10.26,0.655,0.364,NavfnAStar,19.62,374,1,ok,delivery,15.624
B,10.495,10.26,0.655,0.364,NavfnAStar,21.99,374,2,ok,delivery,15.624
B,15.407,15.18,0.658,0.391,NavfnAStar,4.0,613,0,ok,charger,10.925
B,15.407,15.18,0.658,0.391,NavfnAStar,4.0,613,1,ok,charger,10.925
B,15.407,15.18,0.658,0.391,NavfnAStar,25.97,613,2,ok,charger,10.925
C,15.972,15.56,0.587,0.354,NavfnAStar,4.0,637,0,ok,A,19.129
C,15.972,15.56,0.587,0.354,NavfnAStar,21.0,637,1,ok,A,19.129
C,15.972,15.56,0.587,0.354,NavfnAStar,30.85,637,2,ok,A,19.129
C,9.535,9.24,0.545,0.35,NavfnAStar,25.18,369,0,ok,B,13.359
C,9.535,9.24,0.545,0.35,NavfnAStar,4.0,369,1,ok,B,13.359
C,9.535,9.24,0.545,0.35,NavfnAStar,18.45,369,2,ok,B,13.359
C,6.283,6.3,0.643,0.4,NavfnAStar,13.92,251,0,ok,delivery,0.296
C,6.283,6.3,0.643,0.4,NavfnAStar,4.0,251,1,ok,delivery,0.296
C,6.283,6.3,0.643,0.4,NavfnAStar,25.31,251,2,ok,delivery,0.296
C,11.337,11.27,0.673,0.45,NavfnAStar,4.0,452,0,ok,charger,1.843
C,11.337,11.27,0.673,0.45,NavfnAStar,19.45,452,1,ok,charger,1.843
C,11.337,11.27,0.673,0.45,NavfnAStar,25.99,452,2,ok,charger,1.843
delivery,10.285,10.01,0.587,0.335,NavfnAStar,24.57,410,0,ok,A,14.92
delivery,10.285,10.01,0.587,0.335,NavfnAStar,23.18,410,1,ok,A,14.92
delivery,10.285,10.01,0.587,0.335,NavfnAStar,17.4,410,2,ok,A,14.92
delivery,10.817,10.26,0.58,0.335,NavfnAStar,29.04,427,0,ok,B,18.386
delivery,10.817,10.26,0.58,0.335,NavfnAStar,25.32,427,1,ok,B,18.386
delivery,10.817,10.26,0.58,0.335,NavfnAStar,21.56,427,2,ok,B,18.386
delivery,6.46,6.3,0.635,0.354,NavfnAStar,14.7,245,0,ok,C,3.465
delivery,6.46,6.3,0.635,0.354,NavfnAStar,20.73,245,1,ok,C,3.465
delivery,6.46,6.3,0.635,0.354,NavfnAStar,14.85,245,2,ok,C,3.465
delivery,5.154,5.1,0.76,0.5,NavfnAStar,15.95,204,0,ok,charger,0.657
delivery,5.154,5.1,0.76,0.5,NavfnAStar,35.61,204,1,ok,charger,0.657
delivery,5.154,5.1,0.76,0.5,NavfnAStar,16.03,204,2,ok,charger,0.657
charger,9.456,9.04,0.536,0.335,NavfnAStar,17.56,377,0,ok,A,16.396
charger,9.456,9.04,0.536,0.335,NavfnAStar,20.83,377,1,ok,A,16.396
charger,9.456,9.04,0.536,0.335,NavfnAStar,4.0,377,2,ok,A,16.396
charger,15.948,15.18,0.613,0.335,NavfnAStar,31.02,628,0,ok,B,20.097
charger,15.948,15.18,0.613,0.335,NavfnAStar,4.0,628,1,ok,B,20.097
charger,15.948,15.18,0.613,0.335,NavfnAStar,4.0,628,2,ok,B,20.097
charger,11.464,11.27,0.658,0.4,NavfnAStar,4.0,455,0,ok,C,8.43
charger,11.464,11.27,0.658,0.4,NavfnAStar,24.28,455,1,ok,C,8.43
charger,11.464,11.27,0.658,0.4,NavfnAStar,25.25,455,2,ok,C,8.43
charger,5.152,5.1,0.779,0.55,NavfnAStar,20.34,204,0,ok,delivery,0.628
charger,5.152,5.1,0.779,0.55,NavfnAStar,17.54,204,1,ok,delivery,0.628
charger,5.152,5.1,0.779,0.55,NavfnAStar,18.24,204,2,ok,delivery,0.628
A,18.392,18.28,0.506,0.304,Smac2D,20.0,342,0,ok,B,8.024
A,18.392,18.28,0.506,0.304,Smac2D,16.0,342,1,ok,B,8.024
A,18.392,18.28,0.506,0.304,Smac2D,16.0,342,2,ok,B,8.024
A,15.836,15.56,0.525,0.283,Smac2D,8.0,295,0,ok,C,8.689
A,15.836,15.56,0.525,0.283,Smac2D,12.0,295,1,ok,C,8.689
A,15.836,15.56,0.525,0.283,Smac2D,8.0,295,2,ok,C,8.689
A,10.138,10.01,0.521,0.304,Smac2D,4.0,180,0,ok,delivery,6.244
A,10.138,10.01,0.521,0.304,Smac2D,8.0,180,1,ok,delivery,6.244
A,10.138,10.01,0.521,0.304,Smac2D,4.0,180,2,ok,delivery,6.244
A,8.978,9.04,0.522,0.283,Smac2D,4.0,169,0,ok,charger,6.512
A,8.978,9.04,0.522,0.283,Smac2D,8.0,169,1,ok,charger,6.512
A,8.978,9.04,0.522,0.283,Smac2D,12.0,169,2,ok,charger,6.512
B,18.342,18.28,0.528,0.304,Smac2D,16.0,342,0,ok,A,7.957
B,18.342,18.28,0.528,0.304,Smac2D,16.0,342,1,ok,A,7.957
B,18.342,18.28,0.528,0.304,Smac2D,20.0,342,2,ok,A,7.957
B,9.123,9.24,0.521,0.354,Smac2D,4.0,167,0,ok,C,4.671
B,9.123,9.24,0.521,0.354,Smac2D,4.0,167,1,ok,C,4.671
B,9.123,9.24,0.521,0.354,Smac2D,4.0,167,2,ok,C,4.671
B,10.357,10.26,0.618,0.304,Smac2D,8.0,181,0,ok,delivery,2.65
B,10.357,10.26,0.618,0.304,Smac2D,4.0,181,1,ok,delivery,2.65
B,10.357,10.26,0.618,0.304,Smac2D,8.0,181,2,ok,delivery,2.65
B,15.334,15.18,0.563,0.304,Smac2D,8.0,281,0,ok,charger,6.354
B,15.334,15.18,0.563,0.304,Smac2D,8.0,281,1,ok,charger,6.354
B,15.334,15.18,0.563,0.304,Smac2D,8.0,281,2,ok,charger,6.354
C,15.76,15.56,0.538,0.283,Smac2D,12.0,295,0,ok,A,8.288
C,15.76,15.56,0.538,0.283,Smac2D,16.0,295,1,ok,A,8.288
C,15.76,15.56,0.538,0.283,Smac2D,16.0,295,2,ok,A,8.288
C,9.088,9.24,0.472,0.304,Smac2D,4.0,167,0,ok,B,3.959
C,9.088,9.24,0.472,0.304,Smac2D,4.0,167,1,ok,B,3.959
C,9.088,9.24,0.472,0.304,Smac2D,4.0,167,2,ok,B,3.959
C,6.346,6.3,0.632,0.4,Smac2D,4.0,126,0,ok,delivery,1.554
C,6.346,6.3,0.632,0.4,Smac2D,18.08,126,1,ok,delivery,1.554
C,6.346,6.3,0.632,0.4,Smac2D,11.53,126,2,ok,delivery,1.554
C,11.334,11.27,0.658,0.45,Smac2D,4.0,226,0,ok,charger,0.634
C,11.334,11.27,0.658,0.45,Smac2D,17.89,226,1,ok,charger,0.634
C,11.334,11.27,0.658,0.45,Smac2D,4.0,226,2,ok,charger,0.634
delivery,10.091,10.01,0.533,0.283,Smac2D,8.0,180,0,ok,A,6.37
delivery,10.091,10.01,0.533,0.283,Smac2D,8.0,180,1,ok,A,6.37
delivery,10.091,10.01,0.533,0.283,Smac2D,8.0,180,2,ok,A,6.37
delivery,10.503,10.26,0.521,0.304,Smac2D,4.0,181,0,ok,B,4.455
delivery,10.503,10.26,0.521,0.304,Smac2D,4.0,181,1,ok,B,4.455
delivery,10.503,10.26,0.521,0.304,Smac2D,4.0,181,2,ok,B,4.455
delivery,6.402,6.3,0.613,0.391,Smac2D,16.37,126,0,ok,C,1.782
delivery,6.402,6.3,0.613,0.391,Smac2D,4.0,126,1,ok,C,1.782
delivery,6.402,6.3,0.613,0.391,Smac2D,25.5,126,2,ok,C,1.782
delivery,5.236,5.1,0.725,0.55,Smac2D,4.0,101,0,ok,charger,2.409
delivery,5.236,5.1,0.725,0.55,Smac2D,12.72,101,1,ok,charger,2.409
delivery,5.236,5.1,0.725,0.55,Smac2D,4.0,101,2,ok,charger,2.409
charger,8.863,9.04,0.505,0.283,Smac2D,8.0,169,0,ok,A,5.785
charger,8.863,9.04,0.505,0.283,Smac2D,8.0,169,1,ok,A,5.785
charger,8.863,9.04,0.505,0.283,Smac2D,4.0,169,2,ok,A,5.785
charger,15.31,15.18,0.563,0.316,Smac2D,12.0,281,0,ok,B,6.862
charger,15.31,15.18,0.563,0.316,Smac2D,16.0,281,1,ok,B,6.862
charger,15.31,15.18,0.563,0.316,Smac2D,24.0,281,2,ok,B,6.862
charger,11.333,11.27,0.647,0.364,Smac2D,4.0,226,0,ok,C,2.007
charger,11.333,11.27,0.647,0.364,Smac2D,4.0,226,1,ok,C,2.007
charger,11.333,11.27,0.647,0.364,Smac2D,12.0,226,2,ok,C,2.007
charger,5.251,5.1,0.726,0.55,Smac2D,4.0,101,0,ok,delivery,2.427
charger,5.251,5.1,0.726,0.55,Smac2D,4.0,101,1,ok,delivery,2.427
charger,5.251,5.1,0.726,0.55,Smac2D,4.0,101,2,ok,delivery,2.427
A,17.996,18.28,0.61,0.316,ThetaStar,16.0,348,0,ok,B,7.247
A,17.996,18.28,0.61,0.316,ThetaStar,12.0,348,1,ok,B,7.247
A,17.996,18.28,0.61,0.316,ThetaStar,16.0,348,2,ok,B,7.247
A,15.41,15.56,0.567,0.316,ThetaStar,8.0,299,0,ok,C,6.065
A,15.41,15.56,0.567,0.316,ThetaStar,4.0,299,1,ok,C,6.065
A,15.41,15.56,0.567,0.316,ThetaStar,4.0,299,2,ok,C,6.065
A,9.896,10.01,0.601,0.335,ThetaStar,4.0,186,0,ok,delivery,7.643
A,9.896,10.01,0.601,0.335,ThetaStar,4.0,186,1,ok,delivery,7.643
A,9.896,10.01,0.601,0.335,ThetaStar,4.0,186,2,ok,delivery,7.643
A,8.845,9.04,0.549,0.316,ThetaStar,4.0,170,0,ok,charger,5.034
A,8.845,9.04,0.549,0.316,ThetaStar,17.54,170,1,ok,charger,5.034
A,8.845,9.04,0.549,0.316,ThetaStar,4.0,170,2,ok,charger,5.034
B,18.157,18.28,0.593,0.316,ThetaStar,12.0,351,0,ok,A,7.781
B,18.157,18.28,0.593,0.316,ThetaStar,12.0,351,1,ok,A,7.781
B,18.157,18.28,0.593,0.316,ThetaStar,12.0,351,2,ok,A,7.781
B,9.1,9.24,0.486,0.316,ThetaStar,8.0,168,0,ok,C,3.387
B,9.1,9.24,0.486,0.316,ThetaStar,4.0,168,1,ok,C,3.387
B,9.1,9.24,0.486,0.316,ThetaStar,4.0,168,2,ok,C,3.387
B,10.314,10.26,0.596,0.335,ThetaStar,18.17,185,0,ok,delivery,4.813
B,10.314,10.26,0.596,0.335,ThetaStar,4.0,185,1,ok,delivery,4.813
B,10.314,10.26,0.596,0.335,ThetaStar,4.0,185,2,ok,delivery,4.813
B,15.138,15.18,0.568,0.335,ThetaStar,8.0,285,0,ok,charger,4.896
B,15.138,15.18,0.568,0.335,ThetaStar,4.0,285,1,ok,charger,4.896
B,15.138,15.18,0.568,0.335,ThetaStar,8.0,285,2,ok,charger,4.896
C,15.394,15.56,0.576,0.316,ThetaStar,8.0,300,0,ok,A,5.053
C,15.394,15.56,0.576,0.316,ThetaStar,8.0,300,1,ok,A,5.053
C,15.394,15.56,0.576,0.316,ThetaStar,8.0,300,2,ok,A,5.053
C,9.087,9.24,0.505,0.316,ThetaStar,4.0,167,0,ok,B,4.756
C,9.087,9.24,0.505,0.316,ThetaStar,4.0,167,1,ok,B,4.756
C,9.087,9.24,0.505,0.316,ThetaStar,21.12,167,2,ok,B,4.756
C,6.348,6.3,0.658,0.4,ThetaStar,4.0,127,0,ok,delivery,1.172
C,6.348,6.3,0.658,0.4,ThetaStar,4.0,127,1,ok,delivery,1.172
C,6.348,6.3,0.658,0.4,ThetaStar,4.0,127,2,ok,delivery,1.172
C,11.291,11.27,0.62,0.35,ThetaStar,4.0,226,0,ok,charger,0.872
C,11.291,11.27,0.62,0.35,ThetaStar,4.0,226,1,ok,charger,0.872
C,11.291,11.27,0.62,0.35,ThetaStar,4.0,226,2,ok,charger,0.872
delivery,9.888,10.01,0.626,0.335,ThetaStar,4.0,185,0,ok,A,4.103
delivery,9.888,10.01,0.626,0.335,ThetaStar,4.0,185,1,ok,A,4.103
delivery,9.888,10.01,0.626,0.335,ThetaStar,4.0,185,2,ok,A,4.103
delivery,10.264,10.26,0.66,0.354,ThetaStar,4.0,185,0,ok,B,4.844
delivery,10.264,10.26,0.66,0.354,ThetaStar,4.0,185,1,ok,B,4.844
delivery,10.264,10.26,0.66,0.354,ThetaStar,4.0,185,2,ok,B,4.844
delivery,6.318,6.3,0.613,0.403,ThetaStar,4.0,126,0,ok,C,0.735
delivery,6.318,6.3,0.613,0.403,ThetaStar,4.0,126,1,ok,C,0.735
delivery,6.318,6.3,0.613,0.403,ThetaStar,4.0,126,2,ok,C,0.735
delivery,5.13,5.1,0.715,0.502,ThetaStar,4.0,102,0,ok,charger,0.322
delivery,5.13,5.1,0.715,0.502,ThetaStar,14.91,102,1,ok,charger,0.322
delivery,5.13,5.1,0.715,0.502,ThetaStar,23.52,102,2,ok,charger,0.322
charger,8.856,9.04,0.566,0.335,ThetaStar,4.0,170,0,ok,A,5.722
charger,8.856,9.04,0.566,0.335,ThetaStar,4.0,170,1,ok,A,5.722
charger,8.856,9.04,0.566,0.335,ThetaStar,4.0,170,2,ok,A,5.722
charger,15.106,15.18,0.636,0.335,ThetaStar,12.0,286,0,ok,B,5.395
charger,15.106,15.18,0.636,0.335,ThetaStar,16.0,286,1,ok,B,5.395
charger,15.106,15.18,0.636,0.335,ThetaStar,12.0,286,2,ok,B,5.395
charger,11.294,11.27,0.65,0.35,ThetaStar,4.0,226,0,ok,C,0.288
charger,11.294,11.27,0.65,0.35,ThetaStar,24.99,226,1,ok,C,0.288
charger,11.294,11.27,0.65,0.35,ThetaStar,4.0,226,2,ok,C,0.288
charger,5.135,5.1,0.701,0.55,ThetaStar,15.94,102,0,ok,delivery,1.206
charger,5.135,5.1,0.701,0.55,ThetaStar,4.0,102,1,ok,delivery,1.206
charger,5.135,5.1,0.701,0.55,ThetaStar,16.08,102,2,ok,delivery,1.206
A,18.648,18.28,0.575,0.335,SmacLattice,24.0,359,0,ok,B,8.339
A,18.648,18.28,0.575,0.335,SmacLattice,16.0,359,1,ok,B,8.339
A,18.648,18.28,0.575,0.335,SmacLattice,12.0,359,2,ok,B,8.339
A,16.522,15.56,0.623,0.316,SmacLattice,52.0,316,0,ok,C,9.52
A,16.522,15.56,0.623,0.316,SmacLattice,52.0,316,1,ok,C,9.52
A,16.522,15.56,0.623,0.316,SmacLattice,40.0,316,2,ok,C,9.52
A,10.492,10.01,0.595,0.292,SmacLattice,640.0,217,0,ok,delivery,6.231
A,10.492,10.01,0.595,0.292,SmacLattice,636.0,217,1,ok,delivery,6.231
A,10.492,10.01,0.595,0.292,SmacLattice,764.0,217,2,ok,delivery,6.231
A,11.468,9.04,0.544,0.292,SmacLattice,172.0,220,0,ok,charger,9.659
A,11.468,9.04,0.544,0.292,SmacLattice,192.0,220,1,ok,charger,9.659
A,11.468,9.04,0.544,0.292,SmacLattice,220.0,220,2,ok,charger,9.659
B,18.371,18.28,0.562,0.32,SmacLattice,24.0,360,0,ok,A,7.351
B,18.371,18.28,0.562,0.32,SmacLattice,20.0,360,1,ok,A,7.351
B,18.371,18.28,0.562,0.32,SmacLattice,16.0,360,2,ok,A,7.351
B,9.943,9.24,0.522,0.335,SmacLattice,52.0,195,0,ok,C,6.972
B,9.943,9.24,0.522,0.335,SmacLattice,40.0,195,1,ok,C,6.972
B,9.943,9.24,0.522,0.335,SmacLattice,36.0,195,2,ok,C,6.972
B,10.441,10.26,0.593,0.32,SmacLattice,760.0,220,0,ok,delivery,3.783
B,10.441,10.26,0.593,0.32,SmacLattice,724.0,220,1,ok,delivery,3.783
B,10.441,10.26,0.593,0.32,SmacLattice,680.0,220,2,ok,delivery,3.783
B,17.107,15.18,0.61,0.32,SmacLattice,148.0,325,0,ok,charger,6.799
B,17.107,15.18,0.61,0.32,SmacLattice,132.0,325,1,ok,charger,6.799
B,17.107,15.18,0.61,0.32,SmacLattice,144.0,325,2,ok,charger,6.799
C,15.798,15.56,0.603,0.32,SmacLattice,20.0,310,0,ok,A,6.58
C,15.798,15.56,0.603,0.32,SmacLattice,24.0,310,1,ok,A,6.58
C,15.798,15.56,0.603,0.32,SmacLattice,16.0,310,2,ok,A,6.58
C,9.173,9.24,0.53,0.361,SmacLattice,16.0,176,0,ok,B,3.302
C,9.173,9.24,0.53,0.361,SmacLattice,8.0,176,1,ok,B,3.302
C,9.173,9.24,0.53,0.361,SmacLattice,16.0,176,2,ok,B,3.302
C,6.419,6.3,0.597,0.391,SmacLattice,252.0,145,0,ok,delivery,1.984
C,6.419,6.3,0.597,0.391,SmacLattice,384.0,145,1,ok,delivery,1.984
C,6.419,6.3,0.597,0.391,SmacLattice,288.0,145,2,ok,delivery,1.984
C,12.98,11.27,0.646,0.364,SmacLattice,20.0,259,0,ok,charger,4.088
C,12.98,11.27,0.646,0.364,SmacLattice,24.0,259,1,ok,charger,4.088
C,12.98,11.27,0.646,0.364,SmacLattice,20.0,259,2,ok,charger,4.088
delivery,10.158,10.01,0.607,0.335,SmacLattice,20.0,191,0,ok,A,6.263
delivery,10.158,10.01,0.607,0.335,SmacLattice,12.0,191,1,ok,A,6.263
delivery,10.158,10.01,0.607,0.335,SmacLattice,12.0,191,2,ok,A,6.263
delivery,10.376,10.26,0.661,0.32,SmacLattice,20.0,187,0,ok,B,2.702
delivery,10.376,10.26,0.661,0.32,SmacLattice,16.0,187,1,ok,B,2.702
delivery,10.376,10.26,0.661,0.32,SmacLattice,20.0,187,2,ok,B,2.702
delivery,6.714,6.3,0.676,0.4,SmacLattice,4.0,123,0,ok,C,3.16
delivery,6.714,6.3,0.676,0.4,SmacLattice,4.0,123,1,ok,C,3.16
delivery,6.714,6.3,0.676,0.4,SmacLattice,8.0,123,2,ok,C,3.16
delivery,7.021,5.1,0.691,0.4,SmacLattice,8.0,127,0,ok,charger,5.424
delivery,7.021,5.1,0.691,0.4,SmacLattice,8.0,127,1,ok,charger,5.424
delivery,7.021,5.1,0.691,0.4,SmacLattice,8.0,127,2,ok,charger,5.424
charger,9.095,9.04,0.599,0.32,SmacLattice,16.0,168,0,ok,A,4.629
charger,9.095,9.04,0.599,0.32,SmacLattice,12.0,168,1,ok,A,4.629
charger,9.095,9.04,0.599,0.32,SmacLattice,16.0,168,2,ok,A,4.629
charger,15.172,15.18,0.629,0.316,SmacLattice,12.0,276,0,ok,B,3.153
charger,15.172,15.18,0.629,0.316,SmacLattice,20.0,276,1,ok,B,3.153
charger,15.172,15.18,0.629,0.316,SmacLattice,16.0,276,2,ok,B,3.153
charger,11.69,11.27,0.697,0.45,SmacLattice,16.0,217,0,ok,C,2.895
charger,11.69,11.27,0.697,0.45,SmacLattice,16.0,217,1,ok,C,2.895
charger,11.69,11.27,0.697,0.45,SmacLattice,16.0,217,2,ok,C,2.895
charger,5.35,5.1,0.506,0.35,SmacLattice,256.0,109,0,ok,delivery,1.285
charger,5.35,5.1,0.506,0.35,SmacLattice,256.0,109,1,ok,delivery,1.285
charger,5.35,5.1,0.506,0.35,SmacLattice,300.0,109,2,ok,delivery,1.285
